-1,-1,x+o99wjm7jegtVVxLGDuBPk94jc=,bIoXDhDoZxNrYu53iIdBDK6lx/k=
-2,-1,x+o99wjm7jegtVVxLGDuBPk94jc=,bIoXDhDoZxNrYu53iIdBDK6lx/k=
-2,-14,shzToHL69ON7jUkDg+KcvxgnPrg=,bIoXDhDoZxNrYu53iIdBDK6lx/k=
-3,-1,x+o99wjm7jegtVVxLGDuBPk94jc=,bIoXDhDoZxNrYu53iIdBDK6lx/k=
-3,-14,shzToHL69ON7jUkDg+KcvxgnPrg=,bIoXDhDoZxNrYu53iIdBDK6lx/k=
-1,-14,shzToHL69ON7jUkDg+KcvxgnPrg=,bIoXDhDoZxNrYu53iIdBDK6lx/k=
-13,-16,shzToHL69ON7jUkDg+KcvxgnPrg=,bIoXDhDoZxNrYu53iIdBDK6lx/k=
-16,-13,shzToHL69ON7jUkDg+KcvxgnPrg=,bIoXDhDoZxNrYu53iIdBDK6lx/k=
-4,-1,shzToHL69ON7jUkDg+KcvxgnPrg=,bIoXDhDoZxNrYu53iIdBDK6lx/k=
-5,-1,x+o99wjm7jegtVVxLGDuBPk94jc=,bIoXDhDoZxNrYu53iIdBDK6lx/k=
-1,-15,shzToHL69ON7jUkDg+KcvxgnPrg=,bIoXDhDoZxNrYu53iIdBDK6lx/k=
-15,-13,shzToHL69ON7jUkDg+KcvxgnPrg=,bIoXDhDoZxNrYu53iIdBDK6lx/k=
-2,-15,shzToHL69ON7jUkDg+KcvxgnPrg=,bIoXDhDoZxNrYu53iIdBDK6lx/k=
-6,-1,shzToHL69ON7jUkDg+KcvxgnPrg=,bIoXDhDoZxNrYu53iIdBDK6lx/k=
-4,-15,shzToHL69ON7jUkDg+KcvxgnPrg=,bIoXDhDoZxNrYu53iIdBDK6lx/k=
-5,-15,shzToHL69ON7jUkDg+KcvxgnPrg=,bIoXDhDoZxNrYu53iIdBDK6lx/k=
-14,-13,shzToHL69ON7jUkDg+KcvxgnPrg=,bIoXDhDoZxNrYu53iIdBDK6lx/k=
-16,-14,shzToHL69ON7jUkDg+KcvxgnPrg=,bIoXDhDoZxNrYu53iIdBDK6lx/k=
-3,-15,shzToHL69ON7jUkDg+KcvxgnPrg=,bIoXDhDoZxNrYu53iIdBDK6lx/k=
-6,-15,shzToHL69ON7jUkDg+KcvxgnPrg=,bIoXDhDoZxNrYu53iIdBDK6lx/k=
-7,-15,shzToHL69ON7jUkDg+KcvxgnPrg=,bIoXDhDoZxNrYu53iIdBDK6lx/k=
-7,-1,shzToHL69ON7jUkDg+KcvxgnPrg=,bIoXDhDoZxNrYu53iIdBDK6lx/k=
-8,-15,shzToHL69ON7jUkDg+KcvxgnPrg=,bIoXDhDoZxNrYu53iIdBDK6lx/k=
-12,-16,shzToHL69ON7jUkDg+KcvxgnPrg=,bIoXDhDoZxNrYu53iIdBDK6lx/k=
-9,-15,shzToHL69ON7jUkDg+KcvxgnPrg=,bIoXDhDoZxNrYu53iIdBDK6lx/k=
-10,-15,shzToHL69ON7jUkDg+KcvxgnPrg=,bIoXDhDoZxNrYu53iIdBDK6lx/k=
-11,-15,shzToHL69ON7jUkDg+KcvxgnPrg=,bIoXDhDoZxNrYu53iIdBDK6lx/k=
-13,-13,shzToHL69ON7jUkDg+KcvxgnPrg=,bIoXDhDoZxNrYu53iIdBDK6lx/k=
-12,-15,shzToHL69ON7jUkDg+KcvxgnPrg=,bIoXDhDoZxNrYu53iIdBDK6lx/k=
-12,-13,shzToHL69ON7jUkDg+KcvxgnPrg=,bIoXDhDoZxNrYu53iIdBDK6lx/k=
-8,-1,shzToHL69ON7jUkDg+KcvxgnPrg=,bIoXDhDoZxNrYu53iIdBDK6lx/k=
-13,-15,shzToHL69ON7jUkDg+KcvxgnPrg=,bIoXDhDoZxNrYu53iIdBDK6lx/k=
-9,-1,shzToHL69ON7jUkDg+KcvxgnPrg=,bIoXDhDoZxNrYu53iIdBDK6lx/k=
-11,-13,shzToHL69ON7jUkDg+KcvxgnPrg=,bIoXDhDoZxNrYu53iIdBDK6lx/k=
-10,-13,shzToHL69ON7jUkDg+KcvxgnPrg=,bIoXDhDoZxNrYu53iIdBDK6lx/k=
-9,-13,shzToHL69ON7jUkDg+KcvxgnPrg=,bIoXDhDoZxNrYu53iIdBDK6lx/k=
-8,-13,shzToHL69ON7jUkDg+KcvxgnPrg=,bIoXDhDoZxNrYu53iIdBDK6lx/k=
-10,-1,shzToHL69ON7jUkDg+KcvxgnPrg=,bIoXDhDoZxNrYu53iIdBDK6lx/k=
-11,-1,shzToHL69ON7jUkDg+KcvxgnPrg=,bIoXDhDoZxNrYu53iIdBDK6lx/k=
-7,-13,shzToHL69ON7jUkDg+KcvxgnPrg=,bIoXDhDoZxNrYu53iIdBDK6lx/k=
-12,-1,shzToHL69ON7jUkDg+KcvxgnPrg=,bIoXDhDoZxNrYu53iIdBDK6lx/k=
-6,-13,shzToHL69ON7jUkDg+KcvxgnPrg=,bIoXDhDoZxNrYu53iIdBDK6lx/k=
-13,-1,shzToHL69ON7jUkDg+KcvxgnPrg=,bIoXDhDoZxNrYu53iIdBDK6lx/k=
-5,-13,shzToHL69ON7jUkDg+KcvxgnPrg=,bIoXDhDoZxNrYu53iIdBDK6lx/k=
-14,-1,shzToHL69ON7jUkDg+KcvxgnPrg=,bIoXDhDoZxNrYu53iIdBDK6lx/k=
-15,-1,shzToHL69ON7jUkDg+KcvxgnPrg=,bIoXDhDoZxNrYu53iIdBDK6lx/k=
-4,-13,shzToHL69ON7jUkDg+KcvxgnPrg=,bIoXDhDoZxNrYu53iIdBDK6lx/k=
-16,-1,shzToHL69ON7jUkDg+KcvxgnPrg=,bIoXDhDoZxNrYu53iIdBDK6lx/k=
-15,-15,shzToHL69ON7jUkDg+KcvxgnPrg=,bIoXDhDoZxNrYu53iIdBDK6lx/k=
-3,-13,shzToHL69ON7jUkDg+KcvxgnPrg=,bIoXDhDoZxNrYu53iIdBDK6lx/k=
-1,-2,shzToHL69ON7jUkDg+KcvxgnPrg=,bIoXDhDoZxNrYu53iIdBDK6lx/k=
-14,-15,shzToHL69ON7jUkDg+KcvxgnPrg=,bIoXDhDoZxNrYu53iIdBDK6lx/k=
-2,-2,shzToHL69ON7jUkDg+KcvxgnPrg=,bIoXDhDoZxNrYu53iIdBDK6lx/k=
-14,-16,shzToHL69ON7jUkDg+KcvxgnPrg=,bIoXDhDoZxNrYu53iIdBDK6lx/k=
-4,-14,shzToHL69ON7jUkDg+KcvxgnPrg=,bIoXDhDoZxNrYu53iIdBDK6lx/k=
-3,-2,shzToHL69ON7jUkDg+KcvxgnPrg=,bIoXDhDoZxNrYu53iIdBDK6lx/k=
-4,-2,shzToHL69ON7jUkDg+KcvxgnPrg=,bIoXDhDoZxNrYu53iIdBDK6lx/k=
-5,-2,shzToHL69ON7jUkDg+KcvxgnPrg=,bIoXDhDoZxNrYu53iIdBDK6lx/k=
-2,-13,shzToHL69ON7jUkDg+KcvxgnPrg=,bIoXDhDoZxNrYu53iIdBDK6lx/k=
-6,-2,shzToHL69ON7jUkDg+KcvxgnPrg=,bIoXDhDoZxNrYu53iIdBDK6lx/k=
-7,-2,shzToHL69ON7jUkDg+KcvxgnPrg=,bIoXDhDoZxNrYu53iIdBDK6lx/k=
-8,-2,shzToHL69ON7jUkDg+KcvxgnPrg=,bIoXDhDoZxNrYu53iIdBDK6lx/k=
-15,-14,shzToHL69ON7jUkDg+KcvxgnPrg=,bIoXDhDoZxNrYu53iIdBDK6lx/k=
-9,-2,shzToHL69ON7jUkDg+KcvxgnPrg=,bIoXDhDoZxNrYu53iIdBDK6lx/k=
-10,-2,shzToHL69ON7jUkDg+KcvxgnPrg=,bIoXDhDoZxNrYu53iIdBDK6lx/k=
-1,-13,shzToHL69ON7jUkDg+KcvxgnPrg=,bIoXDhDoZxNrYu53iIdBDK6lx/k=
-12,-2,shzToHL69ON7jUkDg+KcvxgnPrg=,bIoXDhDoZxNrYu53iIdBDK6lx/k=
-11,-2,shzToHL69ON7jUkDg+KcvxgnPrg=,bIoXDhDoZxNrYu53iIdBDK6lx/k=
-16,-12,shzToHL69ON7jUkDg+KcvxgnPrg=,bIoXDhDoZxNrYu53iIdBDK6lx/k=
-13,-2,shzToHL69ON7jUkDg+KcvxgnPrg=,bIoXDhDoZxNrYu53iIdBDK6lx/k=
-14,-2,shzToHL69ON7jUkDg+KcvxgnPrg=,bIoXDhDoZxNrYu53iIdBDK6lx/k=
-15,-2,shzToHL69ON7jUkDg+KcvxgnPrg=,bIoXDhDoZxNrYu53iIdBDK6lx/k=
-16,-2,shzToHL69ON7jUkDg+KcvxgnPrg=,bIoXDhDoZxNrYu53iIdBDK6lx/k=
-15,-12,shzToHL69ON7jUkDg+KcvxgnPrg=,bIoXDhDoZxNrYu53iIdBDK6lx/k=
-1,-3,shzToHL69ON7jUkDg+KcvxgnPrg=,bIoXDhDoZxNrYu53iIdBDK6lx/k=
-2,-3,shzToHL69ON7jUkDg+KcvxgnPrg=,bIoXDhDoZxNrYu53iIdBDK6lx/k=
-1,-16,shzToHL69ON7jUkDg+KcvxgnPrg=,bIoXDhDoZxNrYu53iIdBDK6lx/k=
-14,-12,shzToHL69ON7jUkDg+KcvxgnPrg=,bIoXDhDoZxNrYu53iIdBDK6lx/k=
-16,-15,shzToHL69ON7jUkDg+KcvxgnPrg=,bIoXDhDoZxNrYu53iIdBDK6lx/k=
-5,-14,shzToHL69ON7jUkDg+KcvxgnPrg=,bIoXDhDoZxNrYu53iIdBDK6lx/k=
-13,-12,shzToHL69ON7jUkDg+KcvxgnPrg=,bIoXDhDoZxNrYu53iIdBDK6lx/k=
-4,-3,shzToHL69ON7jUkDg+KcvxgnPrg=,bIoXDhDoZxNrYu53iIdBDK6lx/k=
-3,-3,shzToHL69ON7jUkDg+KcvxgnPrg=,bIoXDhDoZxNrYu53iIdBDK6lx/k=
-14,-14,shzToHL69ON7jUkDg+KcvxgnPrg=,bIoXDhDoZxNrYu53iIdBDK6lx/k=
-5,-3,shzToHL69ON7jUkDg+KcvxgnPrg=,bIoXDhDoZxNrYu53iIdBDK6lx/k=
-6,-3,shzToHL69ON7jUkDg+KcvxgnPrg=,bIoXDhDoZxNrYu53iIdBDK6lx/k=
-12,-12,shzToHL69ON7jUkDg+KcvxgnPrg=,bIoXDhDoZxNrYu53iIdBDK6lx/k=
-8,-3,shzToHL69ON7jUkDg+KcvxgnPrg=,bIoXDhDoZxNrYu53iIdBDK6lx/k=
-7,-3,shzToHL69ON7jUkDg+KcvxgnPrg=,bIoXDhDoZxNrYu53iIdBDK6lx/k=
-11,-16,shzToHL69ON7jUkDg+KcvxgnPrg=,bIoXDhDoZxNrYu53iIdBDK6lx/k=
-9,-3,shzToHL69ON7jUkDg+KcvxgnPrg=,bIoXDhDoZxNrYu53iIdBDK6lx/k=
-10,-3,shzToHL69ON7jUkDg+KcvxgnPrg=,bIoXDhDoZxNrYu53iIdBDK6lx/k=
-11,-12,shzToHL69ON7jUkDg+KcvxgnPrg=,bIoXDhDoZxNrYu53iIdBDK6lx/k=
-11,-3,shzToHL69ON7jUkDg+KcvxgnPrg=,bIoXDhDoZxNrYu53iIdBDK6lx/k=
-10,-12,shzToHL69ON7jUkDg+KcvxgnPrg=,bIoXDhDoZxNrYu53iIdBDK6lx/k=
-12,-3,shzToHL69ON7jUkDg+KcvxgnPrg=,bIoXDhDoZxNrYu53iIdBDK6lx/k=
-9,-12,shzToHL69ON7jUkDg+KcvxgnPrg=,bIoXDhDoZxNrYu53iIdBDK6lx/k=
-13,-3,shzToHL69ON7jUkDg+KcvxgnPrg=,bIoXDhDoZxNrYu53iIdBDK6lx/k=
-8,-12,shzToHL69ON7jUkDg+KcvxgnPrg=,bIoXDhDoZxNrYu53iIdBDK6lx/k=
-14,-3,shzToHL69ON7jUkDg+KcvxgnPrg=,bIoXDhDoZxNrYu53iIdBDK6lx/k=
-15,-3,shzToHL69ON7jUkDg+KcvxgnPrg=,bIoXDhDoZxNrYu53iIdBDK6lx/k=
-7,-12,shzToHL69ON7jUkDg+KcvxgnPrg=,bIoXDhDoZxNrYu53iIdBDK6lx/k=
-15,-16,shzToHL69ON7jUkDg+KcvxgnPrg=,bIoXDhDoZxNrYu53iIdBDK6lx/k=
-16,-3,shzToHL69ON7jUkDg+KcvxgnPrg=,bIoXDhDoZxNrYu53iIdBDK6lx/k=
-6,-12,shzToHL69ON7jUkDg+KcvxgnPrg=,bIoXDhDoZxNrYu53iIdBDK6lx/k=
-2,-4,shzToHL69ON7jUkDg+KcvxgnPrg=,bIoXDhDoZxNrYu53iIdBDK6lx/k=
-1,-4,shzToHL69ON7jUkDg+KcvxgnPrg=,bIoXDhDoZxNrYu53iIdBDK6lx/k=
-3,-4,shzToHL69ON7jUkDg+KcvxgnPrg=,bIoXDhDoZxNrYu53iIdBDK6lx/k=
-5,-12,shzToHL69ON7jUkDg+KcvxgnPrg=,bIoXDhDoZxNrYu53iIdBDK6lx/k=
-2,-16,shzToHL69ON7jUkDg+KcvxgnPrg=,bIoXDhDoZxNrYu53iIdBDK6lx/k=
-4,-4,shzToHL69ON7jUkDg+KcvxgnPrg=,bIoXDhDoZxNrYu53iIdBDK6lx/k=
-6,-14,shzToHL69ON7jUkDg+KcvxgnPrg=,bIoXDhDoZxNrYu53iIdBDK6lx/k=
-5,-4,shzToHL69ON7jUkDg+KcvxgnPrg=,bIoXDhDoZxNrYu53iIdBDK6lx/k=
-16,-16,x+o99wjm7jegtVVxLGDuBPk94jc=,bIoXDhDoZxNrYu53iIdBDK6lx/k=
-6,-4,shzToHL69ON7jUkDg+KcvxgnPrg=,bIoXDhDoZxNrYu53iIdBDK6lx/k=
-7,-4,shzToHL69ON7jUkDg+KcvxgnPrg=,bIoXDhDoZxNrYu53iIdBDK6lx/k=
-8,-4,shzToHL69ON7jUkDg+KcvxgnPrg=,bIoXDhDoZxNrYu53iIdBDK6lx/k=
-4,-12,shzToHL69ON7jUkDg+KcvxgnPrg=,bIoXDhDoZxNrYu53iIdBDK6lx/k=
-9,-4,shzToHL69ON7jUkDg+KcvxgnPrg=,bIoXDhDoZxNrYu53iIdBDK6lx/k=
-3,-12,shzToHL69ON7jUkDg+KcvxgnPrg=,bIoXDhDoZxNrYu53iIdBDK6lx/k=
-10,-4,shzToHL69ON7jUkDg+KcvxgnPrg=,bIoXDhDoZxNrYu53iIdBDK6lx/k=
-11,-4,shzToHL69ON7jUkDg+KcvxgnPrg=,bIoXDhDoZxNrYu53iIdBDK6lx/k=
-12,-4,shzToHL69ON7jUkDg+KcvxgnPrg=,bIoXDhDoZxNrYu53iIdBDK6lx/k=
-10,-16,shzToHL69ON7jUkDg+KcvxgnPrg=,bIoXDhDoZxNrYu53iIdBDK6lx/k=
-2,-12,shzToHL69ON7jUkDg+KcvxgnPrg=,bIoXDhDoZxNrYu53iIdBDK6lx/k=
-13,-4,shzToHL69ON7jUkDg+KcvxgnPrg=,bIoXDhDoZxNrYu53iIdBDK6lx/k=
-14,-4,shzToHL69ON7jUkDg+KcvxgnPrg=,bIoXDhDoZxNrYu53iIdBDK6lx/k=
-15,-4,shzToHL69ON7jUkDg+KcvxgnPrg=,bIoXDhDoZxNrYu53iIdBDK6lx/k=
-1,-12,shzToHL69ON7jUkDg+KcvxgnPrg=,bIoXDhDoZxNrYu53iIdBDK6lx/k=
-16,-4,shzToHL69ON7jUkDg+KcvxgnPrg=,bIoXDhDoZxNrYu53iIdBDK6lx/k=
-1,-5,shzToHL69ON7jUkDg+KcvxgnPrg=,bIoXDhDoZxNrYu53iIdBDK6lx/k=
-2,-5,shzToHL69ON7jUkDg+KcvxgnPrg=,bIoXDhDoZxNrYu53iIdBDK6lx/k=
-16,-11,shzToHL69ON7jUkDg+KcvxgnPrg=,bIoXDhDoZxNrYu53iIdBDK6lx/k=
-3,-5,shzToHL69ON7jUkDg+KcvxgnPrg=,bIoXDhDoZxNrYu53iIdBDK6lx/k=
-3,-16,shzToHL69ON7jUkDg+KcvxgnPrg=,bIoXDhDoZxNrYu53iIdBDK6lx/k=
-4,-5,shzToHL69ON7jUkDg+KcvxgnPrg=,bIoXDhDoZxNrYu53iIdBDK6lx/k=
-7,-14,shzToHL69ON7jUkDg+KcvxgnPrg=,bIoXDhDoZxNrYu53iIdBDK6lx/k=
-15,-11,shzToHL69ON7jUkDg+KcvxgnPrg=,bIoXDhDoZxNrYu53iIdBDK6lx/k=
-5,-5,shzToHL69ON7jUkDg+KcvxgnPrg=,bIoXDhDoZxNrYu53iIdBDK6lx/k=
-6,-5,shzToHL69ON7jUkDg+KcvxgnPrg=,bIoXDhDoZxNrYu53iIdBDK6lx/k=
-14,-11,shzToHL69ON7jUkDg+KcvxgnPrg=,bIoXDhDoZxNrYu53iIdBDK6lx/k=
-7,-5,shzToHL69ON7jUkDg+KcvxgnPrg=,bIoXDhDoZxNrYu53iIdBDK6lx/k=
-8,-5,shzToHL69ON7jUkDg+KcvxgnPrg=,bIoXDhDoZxNrYu53iIdBDK6lx/k=
-13,-11,shzToHL69ON7jUkDg+KcvxgnPrg=,bIoXDhDoZxNrYu53iIdBDK6lx/k=
-10,-5,shzToHL69ON7jUkDg+KcvxgnPrg=,bIoXDhDoZxNrYu53iIdBDK6lx/k=
-9,-5,shzToHL69ON7jUkDg+KcvxgnPrg=,bIoXDhDoZxNrYu53iIdBDK6lx/k=
-12,-11,shzToHL69ON7jUkDg+KcvxgnPrg=,bIoXDhDoZxNrYu53iIdBDK6lx/k=
-12,-5,shzToHL69ON7jUkDg+KcvxgnPrg=,bIoXDhDoZxNrYu53iIdBDK6lx/k=
-11,-5,shzToHL69ON7jUkDg+KcvxgnPrg=,bIoXDhDoZxNrYu53iIdBDK6lx/k=
-13,-14,shzToHL69ON7jUkDg+KcvxgnPrg=,bIoXDhDoZxNrYu53iIdBDK6lx/k=
-14,-5,shzToHL69ON7jUkDg+KcvxgnPrg=,bIoXDhDoZxNrYu53iIdBDK6lx/k=
-13,-5,shzToHL69ON7jUkDg+KcvxgnPrg=,bIoXDhDoZxNrYu53iIdBDK6lx/k=
-9,-16,shzToHL69ON7jUkDg+KcvxgnPrg=,bIoXDhDoZxNrYu53iIdBDK6lx/k=
-11,-11,shzToHL69ON7jUkDg+KcvxgnPrg=,bIoXDhDoZxNrYu53iIdBDK6lx/k=
-10,-11,shzToHL69ON7jUkDg+KcvxgnPrg=,bIoXDhDoZxNrYu53iIdBDK6lx/k=
-15,-5,shzToHL69ON7jUkDg+KcvxgnPrg=,bIoXDhDoZxNrYu53iIdBDK6lx/k=
-16,-5,shzToHL69ON7jUkDg+KcvxgnPrg=,bIoXDhDoZxNrYu53iIdBDK6lx/k=
-9,-11,shzToHL69ON7jUkDg+KcvxgnPrg=,bIoXDhDoZxNrYu53iIdBDK6lx/k=
-1,-6,shzToHL69ON7jUkDg+KcvxgnPrg=,bIoXDhDoZxNrYu53iIdBDK6lx/k=
-2,-6,shzToHL69ON7jUkDg+KcvxgnPrg=,bIoXDhDoZxNrYu53iIdBDK6lx/k=
-3,-6,shzToHL69ON7jUkDg+KcvxgnPrg=,bIoXDhDoZxNrYu53iIdBDK6lx/k=
-8,-11,shzToHL69ON7jUkDg+KcvxgnPrg=,bIoXDhDoZxNrYu53iIdBDK6lx/k=
-4,-6,shzToHL69ON7jUkDg+KcvxgnPrg=,bIoXDhDoZxNrYu53iIdBDK6lx/k=
-4,-16,shzToHL69ON7jUkDg+KcvxgnPrg=,bIoXDhDoZxNrYu53iIdBDK6lx/k=
-5,-6,shzToHL69ON7jUkDg+KcvxgnPrg=,bIoXDhDoZxNrYu53iIdBDK6lx/k=
-8,-14,shzToHL69ON7jUkDg+KcvxgnPrg=,bIoXDhDoZxNrYu53iIdBDK6lx/k=
-7,-11,shzToHL69ON7jUkDg+KcvxgnPrg=,bIoXDhDoZxNrYu53iIdBDK6lx/k=
-6,-6,shzToHL69ON7jUkDg+KcvxgnPrg=,bIoXDhDoZxNrYu53iIdBDK6lx/k=
-7,-6,shzToHL69ON7jUkDg+KcvxgnPrg=,bIoXDhDoZxNrYu53iIdBDK6lx/k=
-6,-11,shzToHL69ON7jUkDg+KcvxgnPrg=,bIoXDhDoZxNrYu53iIdBDK6lx/k=
-8,-6,shzToHL69ON7jUkDg+KcvxgnPrg=,bIoXDhDoZxNrYu53iIdBDK6lx/k=
-9,-6,shzToHL69ON7jUkDg+KcvxgnPrg=,bIoXDhDoZxNrYu53iIdBDK6lx/k=
-5,-11,shzToHL69ON7jUkDg+KcvxgnPrg=,bIoXDhDoZxNrYu53iIdBDK6lx/k=
-10,-6,shzToHL69ON7jUkDg+KcvxgnPrg=,bIoXDhDoZxNrYu53iIdBDK6lx/k=
-4,-11,shzToHL69ON7jUkDg+KcvxgnPrg=,bIoXDhDoZxNrYu53iIdBDK6lx/k=
-11,-6,shzToHL69ON7jUkDg+KcvxgnPrg=,bIoXDhDoZxNrYu53iIdBDK6lx/k=
-12,-6,shzToHL69ON7jUkDg+KcvxgnPrg=,bIoXDhDoZxNrYu53iIdBDK6lx/k=
-3,-11,shzToHL69ON7jUkDg+KcvxgnPrg=,bIoXDhDoZxNrYu53iIdBDK6lx/k=
-13,-6,shzToHL69ON7jUkDg+KcvxgnPrg=,bIoXDhDoZxNrYu53iIdBDK6lx/k=
-14,-6,shzToHL69ON7jUkDg+KcvxgnPrg=,bIoXDhDoZxNrYu53iIdBDK6lx/k=
-15,-6,shzToHL69ON7jUkDg+KcvxgnPrg=,bIoXDhDoZxNrYu53iIdBDK6lx/k=
-16,-6,shzToHL69ON7jUkDg+KcvxgnPrg=,bIoXDhDoZxNrYu53iIdBDK6lx/k=
-2,-11,shzToHL69ON7jUkDg+KcvxgnPrg=,bIoXDhDoZxNrYu53iIdBDK6lx/k=
-1,-7,shzToHL69ON7jUkDg+KcvxgnPrg=,bIoXDhDoZxNrYu53iIdBDK6lx/k=
-2,-7,shzToHL69ON7jUkDg+KcvxgnPrg=,bIoXDhDoZxNrYu53iIdBDK6lx/k=
-1,-11,shzToHL69ON7jUkDg+KcvxgnPrg=,bIoXDhDoZxNrYu53iIdBDK6lx/k=
-3,-7,shzToHL69ON7jUkDg+KcvxgnPrg=,bIoXDhDoZxNrYu53iIdBDK6lx/k=
-4,-7,shzToHL69ON7jUkDg+KcvxgnPrg=,bIoXDhDoZxNrYu53iIdBDK6lx/k=
-16,-10,shzToHL69ON7jUkDg+KcvxgnPrg=,bIoXDhDoZxNrYu53iIdBDK6lx/k=
-5,-7,shzToHL69ON7jUkDg+KcvxgnPrg=,bIoXDhDoZxNrYu53iIdBDK6lx/k=
-5,-16,shzToHL69ON7jUkDg+KcvxgnPrg=,bIoXDhDoZxNrYu53iIdBDK6lx/k=
-6,-7,shzToHL69ON7jUkDg+KcvxgnPrg=,bIoXDhDoZxNrYu53iIdBDK6lx/k=
-9,-14,shzToHL69ON7jUkDg+KcvxgnPrg=,bIoXDhDoZxNrYu53iIdBDK6lx/k=
-15,-10,shzToHL69ON7jUkDg+KcvxgnPrg=,bIoXDhDoZxNrYu53iIdBDK6lx/k=
-7,-7,shzToHL69ON7jUkDg+KcvxgnPrg=,bIoXDhDoZxNrYu53iIdBDK6lx/k=
-8,-7,shzToHL69ON7jUkDg+KcvxgnPrg=,bIoXDhDoZxNrYu53iIdBDK6lx/k=
-14,-10,shzToHL69ON7jUkDg+KcvxgnPrg=,bIoXDhDoZxNrYu53iIdBDK6lx/k=
-9,-7,shzToHL69ON7jUkDg+KcvxgnPrg=,bIoXDhDoZxNrYu53iIdBDK6lx/k=
-13,-10,shzToHL69ON7jUkDg+KcvxgnPrg=,bIoXDhDoZxNrYu53iIdBDK6lx/k=
-10,-7,shzToHL69ON7jUkDg+KcvxgnPrg=,bIoXDhDoZxNrYu53iIdBDK6lx/k=
-11,-7,shzToHL69ON7jUkDg+KcvxgnPrg=,bIoXDhDoZxNrYu53iIdBDK6lx/k=
-12,-7,shzToHL69ON7jUkDg+KcvxgnPrg=,bIoXDhDoZxNrYu53iIdBDK6lx/k=
-12,-10,shzToHL69ON7jUkDg+KcvxgnPrg=,bIoXDhDoZxNrYu53iIdBDK6lx/k=
-13,-7,shzToHL69ON7jUkDg+KcvxgnPrg=,bIoXDhDoZxNrYu53iIdBDK6lx/k=
-14,-7,shzToHL69ON7jUkDg+KcvxgnPrg=,bIoXDhDoZxNrYu53iIdBDK6lx/k=
-15,-7,shzToHL69ON7jUkDg+KcvxgnPrg=,bIoXDhDoZxNrYu53iIdBDK6lx/k=
-16,-7,shzToHL69ON7jUkDg+KcvxgnPrg=,bIoXDhDoZxNrYu53iIdBDK6lx/k=
-11,-10,shzToHL69ON7jUkDg+KcvxgnPrg=,bIoXDhDoZxNrYu53iIdBDK6lx/k=
-2,-8,shzToHL69ON7jUkDg+KcvxgnPrg=,bIoXDhDoZxNrYu53iIdBDK6lx/k=
-1,-8,shzToHL69ON7jUkDg+KcvxgnPrg=,bIoXDhDoZxNrYu53iIdBDK6lx/k=
-12,-14,shzToHL69ON7jUkDg+KcvxgnPrg=,bIoXDhDoZxNrYu53iIdBDK6lx/k=
-10,-10,shzToHL69ON7jUkDg+KcvxgnPrg=,bIoXDhDoZxNrYu53iIdBDK6lx/k=
-3,-8,shzToHL69ON7jUkDg+KcvxgnPrg=,bIoXDhDoZxNrYu53iIdBDK6lx/k=
-4,-8,shzToHL69ON7jUkDg+KcvxgnPrg=,bIoXDhDoZxNrYu53iIdBDK6lx/k=
-8,-16,shzToHL69ON7jUkDg+KcvxgnPrg=,bIoXDhDoZxNrYu53iIdBDK6lx/k=
-5,-8,shzToHL69ON7jUkDg+KcvxgnPrg=,bIoXDhDoZxNrYu53iIdBDK6lx/k=
-9,-10,shzToHL69ON7jUkDg+KcvxgnPrg=,bIoXDhDoZxNrYu53iIdBDK6lx/k=
-8,-10,shzToHL69ON7jUkDg+KcvxgnPrg=,bIoXDhDoZxNrYu53iIdBDK6lx/k=
-6,-8,shzToHL69ON7jUkDg+KcvxgnPrg=,bIoXDhDoZxNrYu53iIdBDK6lx/k=
-6,-16,shzToHL69ON7jUkDg+KcvxgnPrg=,bIoXDhDoZxNrYu53iIdBDK6lx/k=
-7,-8,shzToHL69ON7jUkDg+KcvxgnPrg=,bIoXDhDoZxNrYu53iIdBDK6lx/k=
-8,-8,shzToHL69ON7jUkDg+KcvxgnPrg=,bIoXDhDoZxNrYu53iIdBDK6lx/k=
-7,-10,shzToHL69ON7jUkDg+KcvxgnPrg=,bIoXDhDoZxNrYu53iIdBDK6lx/k=
-10,-14,shzToHL69ON7jUkDg+KcvxgnPrg=,bIoXDhDoZxNrYu53iIdBDK6lx/k=
-9,-8,shzToHL69ON7jUkDg+KcvxgnPrg=,bIoXDhDoZxNrYu53iIdBDK6lx/k=
-10,-8,shzToHL69ON7jUkDg+KcvxgnPrg=,bIoXDhDoZxNrYu53iIdBDK6lx/k=
-6,-10,shzToHL69ON7jUkDg+KcvxgnPrg=,bIoXDhDoZxNrYu53iIdBDK6lx/k=
-11,-8,shzToHL69ON7jUkDg+KcvxgnPrg=,bIoXDhDoZxNrYu53iIdBDK6lx/k=
-12,-8,shzToHL69ON7jUkDg+KcvxgnPrg=,bIoXDhDoZxNrYu53iIdBDK6lx/k=
-5,-10,shzToHL69ON7jUkDg+KcvxgnPrg=,bIoXDhDoZxNrYu53iIdBDK6lx/k=
-14,-8,shzToHL69ON7jUkDg+KcvxgnPrg=,bIoXDhDoZxNrYu53iIdBDK6lx/k=
-13,-8,shzToHL69ON7jUkDg+KcvxgnPrg=,bIoXDhDoZxNrYu53iIdBDK6lx/k=
-16,-8,shzToHL69ON7jUkDg+KcvxgnPrg=,bIoXDhDoZxNrYu53iIdBDK6lx/k=
-15,-8,shzToHL69ON7jUkDg+KcvxgnPrg=,bIoXDhDoZxNrYu53iIdBDK6lx/k=
-4,-10,shzToHL69ON7jUkDg+KcvxgnPrg=,bIoXDhDoZxNrYu53iIdBDK6lx/k=
-1,-9,shzToHL69ON7jUkDg+KcvxgnPrg=,bIoXDhDoZxNrYu53iIdBDK6lx/k=
-3,-10,shzToHL69ON7jUkDg+KcvxgnPrg=,bIoXDhDoZxNrYu53iIdBDK6lx/k=
-2,-9,shzToHL69ON7jUkDg+KcvxgnPrg=,bIoXDhDoZxNrYu53iIdBDK6lx/k=
-3,-9,shzToHL69ON7jUkDg+KcvxgnPrg=,bIoXDhDoZxNrYu53iIdBDK6lx/k=
-2,-10,shzToHL69ON7jUkDg+KcvxgnPrg=,bIoXDhDoZxNrYu53iIdBDK6lx/k=
-4,-9,shzToHL69ON7jUkDg+KcvxgnPrg=,bIoXDhDoZxNrYu53iIdBDK6lx/k=
-5,-9,shzToHL69ON7jUkDg+KcvxgnPrg=,bIoXDhDoZxNrYu53iIdBDK6lx/k=
-6,-9,shzToHL69ON7jUkDg+KcvxgnPrg=,bIoXDhDoZxNrYu53iIdBDK6lx/k=
-1,-10,shzToHL69ON7jUkDg+KcvxgnPrg=,bIoXDhDoZxNrYu53iIdBDK6lx/k=
-16,-9,shzToHL69ON7jUkDg+KcvxgnPrg=,bIoXDhDoZxNrYu53iIdBDK6lx/k=
-8,-9,shzToHL69ON7jUkDg+KcvxgnPrg=,bIoXDhDoZxNrYu53iIdBDK6lx/k=
-15,-9,shzToHL69ON7jUkDg+KcvxgnPrg=,bIoXDhDoZxNrYu53iIdBDK6lx/k=
-9,-9,shzToHL69ON7jUkDg+KcvxgnPrg=,bIoXDhDoZxNrYu53iIdBDK6lx/k=
-7,-9,shzToHL69ON7jUkDg+KcvxgnPrg=,bIoXDhDoZxNrYu53iIdBDK6lx/k=
-7,-16,shzToHL69ON7jUkDg+KcvxgnPrg=,bIoXDhDoZxNrYu53iIdBDK6lx/k=
-10,-9,shzToHL69ON7jUkDg+KcvxgnPrg=,bIoXDhDoZxNrYu53iIdBDK6lx/k=
-11,-9,shzToHL69ON7jUkDg+KcvxgnPrg=,bIoXDhDoZxNrYu53iIdBDK6lx/k=
-14,-9,shzToHL69ON7jUkDg+KcvxgnPrg=,bIoXDhDoZxNrYu53iIdBDK6lx/k=
-11,-14,shzToHL69ON7jUkDg+KcvxgnPrg=,bIoXDhDoZxNrYu53iIdBDK6lx/k=
-13,-9,shzToHL69ON7jUkDg+KcvxgnPrg=,bIoXDhDoZxNrYu53iIdBDK6lx/k=
-12,-9,shzToHL69ON7jUkDg+KcvxgnPrg=,bIoXDhDoZxNrYu53iIdBDK6lx/k=
-13,-32,PGLBgGVWRR+GpZfDA1pwng3Kc1s=,MQe1E8VZtHcZTD8A7vlXlMS0RfY=
-3,-30,PGLBgGVWRR+GpZfDA1pwng3Kc1s=,MQe1E8VZtHcZTD8A7vlXlMS0RfY=
-4,-30,PGLBgGVWRR+GpZfDA1pwng3Kc1s=,MQe1E8VZtHcZTD8A7vlXlMS0RfY=
-1,-31,PGLBgGVWRR+GpZfDA1pwng3Kc1s=,MQe1E8VZtHcZTD8A7vlXlMS0RfY=
-1,-17,PGLBgGVWRR+GpZfDA1pwng3Kc1s=,MQe1E8VZtHcZTD8A7vlXlMS0RfY=
-5,-30,PGLBgGVWRR+GpZfDA1pwng3Kc1s=,MQe1E8VZtHcZTD8A7vlXlMS0RfY=
-6,-30,PGLBgGVWRR+GpZfDA1pwng3Kc1s=,MQe1E8VZtHcZTD8A7vlXlMS0RfY=
-5,-29,PGLBgGVWRR+GpZfDA1pwng3Kc1s=,MQe1E8VZtHcZTD8A7vlXlMS0RfY=
-7,-30,PGLBgGVWRR+GpZfDA1pwng3Kc1s=,MQe1E8VZtHcZTD8A7vlXlMS0RfY=
-8,-30,PGLBgGVWRR+GpZfDA1pwng3Kc1s=,MQe1E8VZtHcZTD8A7vlXlMS0RfY=
-3,-17,PGLBgGVWRR+GpZfDA1pwng3Kc1s=,MQe1E8VZtHcZTD8A7vlXlMS0RfY=
-2,-17,PGLBgGVWRR+GpZfDA1pwng3Kc1s=,MQe1E8VZtHcZTD8A7vlXlMS0RfY=
-4,-17,PGLBgGVWRR+GpZfDA1pwng3Kc1s=,MQe1E8VZtHcZTD8A7vlXlMS0RfY=
-9,-30,PGLBgGVWRR+GpZfDA1pwng3Kc1s=,MQe1E8VZtHcZTD8A7vlXlMS0RfY=
-5,-17,PGLBgGVWRR+GpZfDA1pwng3Kc1s=,MQe1E8VZtHcZTD8A7vlXlMS0RfY=
-4,-29,PGLBgGVWRR+GpZfDA1pwng3Kc1s=,MQe1E8VZtHcZTD8A7vlXlMS0RfY=
-2,-30,PGLBgGVWRR+GpZfDA1pwng3Kc1s=,MQe1E8VZtHcZTD8A7vlXlMS0RfY=
-12,-32,PGLBgGVWRR+GpZfDA1pwng3Kc1s=,MQe1E8VZtHcZTD8A7vlXlMS0RfY=
-3,-29,PGLBgGVWRR+GpZfDA1pwng3Kc1s=,MQe1E8VZtHcZTD8A7vlXlMS0RfY=
-1,-29,PGLBgGVWRR+GpZfDA1pwng3Kc1s=,MQe1E8VZtHcZTD8A7vlXlMS0RfY=
-2,-29,PGLBgGVWRR+GpZfDA1pwng3Kc1s=,MQe1E8VZtHcZTD8A7vlXlMS0RfY=
-16,-28,PGLBgGVWRR+GpZfDA1pwng3Kc1s=,MQe1E8VZtHcZTD8A7vlXlMS0RfY=
-11,-32,PGLBgGVWRR+GpZfDA1pwng3Kc1s=,MQe1E8VZtHcZTD8A7vlXlMS0RfY=
-14,-31,PGLBgGVWRR+GpZfDA1pwng3Kc1s=,MQe1E8VZtHcZTD8A7vlXlMS0RfY=
-15,-28,PGLBgGVWRR+GpZfDA1pwng3Kc1s=,MQe1E8VZtHcZTD8A7vlXlMS0RfY=
-14,-28,PGLBgGVWRR+GpZfDA1pwng3Kc1s=,MQe1E8VZtHcZTD8A7vlXlMS0RfY=
-13,-28,PGLBgGVWRR+GpZfDA1pwng3Kc1s=,MQe1E8VZtHcZTD8A7vlXlMS0RfY=
-12,-28,PGLBgGVWRR+GpZfDA1pwng3Kc1s=,MQe1E8VZtHcZTD8A7vlXlMS0RfY=
-11,-28,PGLBgGVWRR+GpZfDA1pwng3Kc1s=,MQe1E8VZtHcZTD8A7vlXlMS0RfY=
-9,-28,PGLBgGVWRR+GpZfDA1pwng3Kc1s=,MQe1E8VZtHcZTD8A7vlXlMS0RfY=
-10,-28,PGLBgGVWRR+GpZfDA1pwng3Kc1s=,MQe1E8VZtHcZTD8A7vlXlMS0RfY=
-7,-28,PGLBgGVWRR+GpZfDA1pwng3Kc1s=,MQe1E8VZtHcZTD8A7vlXlMS0RfY=
-8,-28,PGLBgGVWRR+GpZfDA1pwng3Kc1s=,MQe1E8VZtHcZTD8A7vlXlMS0RfY=
-6,-28,PGLBgGVWRR+GpZfDA1pwng3Kc1s=,MQe1E8VZtHcZTD8A7vlXlMS0RfY=
-1,-30,PGLBgGVWRR+GpZfDA1pwng3Kc1s=,MQe1E8VZtHcZTD8A7vlXlMS0RfY=
-5,-28,PGLBgGVWRR+GpZfDA1pwng3Kc1s=,MQe1E8VZtHcZTD8A7vlXlMS0RfY=
-10,-32,PGLBgGVWRR+GpZfDA1pwng3Kc1s=,MQe1E8VZtHcZTD8A7vlXlMS0RfY=
-4,-28,PGLBgGVWRR+GpZfDA1pwng3Kc1s=,MQe1E8VZtHcZTD8A7vlXlMS0RfY=
-3,-28,PGLBgGVWRR+GpZfDA1pwng3Kc1s=,MQe1E8VZtHcZTD8A7vlXlMS0RfY=
-2,-28,PGLBgGVWRR+GpZfDA1pwng3Kc1s=,MQe1E8VZtHcZTD8A7vlXlMS0RfY=
-1,-28,PGLBgGVWRR+GpZfDA1pwng3Kc1s=,MQe1E8VZtHcZTD8A7vlXlMS0RfY=
-13,-31,PGLBgGVWRR+GpZfDA1pwng3Kc1s=,MQe1E8VZtHcZTD8A7vlXlMS0RfY=
-16,-27,PGLBgGVWRR+GpZfDA1pwng3Kc1s=,MQe1E8VZtHcZTD8A7vlXlMS0RfY=
-15,-27,PGLBgGVWRR+GpZfDA1pwng3Kc1s=,MQe1E8VZtHcZTD8A7vlXlMS0RfY=
-14,-27,PGLBgGVWRR+GpZfDA1pwng3Kc1s=,MQe1E8VZtHcZTD8A7vlXlMS0RfY=
-13,-27,PGLBgGVWRR+GpZfDA1pwng3Kc1s=,MQe1E8VZtHcZTD8A7vlXlMS0RfY=
-12,-27,PGLBgGVWRR+GpZfDA1pwng3Kc1s=,MQe1E8VZtHcZTD8A7vlXlMS0RfY=
-11,-27,PGLBgGVWRR+GpZfDA1pwng3Kc1s=,MQe1E8VZtHcZTD8A7vlXlMS0RfY=
-10,-27,PGLBgGVWRR+GpZfDA1pwng3Kc1s=,MQe1E8VZtHcZTD8A7vlXlMS0RfY=
-9,-27,PGLBgGVWRR+GpZfDA1pwng3Kc1s=,MQe1E8VZtHcZTD8A7vlXlMS0RfY=
-16,-32,PGLBgGVWRR+GpZfDA1pwng3Kc1s=,MQe1E8VZtHcZTD8A7vlXlMS0RfY=
-8,-27,PGLBgGVWRR+GpZfDA1pwng3Kc1s=,MQe1E8VZtHcZTD8A7vlXlMS0RfY=
-7,-27,PGLBgGVWRR+GpZfDA1pwng3Kc1s=,MQe1E8VZtHcZTD8A7vlXlMS0RfY=
-6,-27,PGLBgGVWRR+GpZfDA1pwng3Kc1s=,MQe1E8VZtHcZTD8A7vlXlMS0RfY=
-16,-29,PGLBgGVWRR+GpZfDA1pwng3Kc1s=,MQe1E8VZtHcZTD8A7vlXlMS0RfY=
-12,-31,PGLBgGVWRR+GpZfDA1pwng3Kc1s=,MQe1E8VZtHcZTD8A7vlXlMS0RfY=
-9,-32,PGLBgGVWRR+GpZfDA1pwng3Kc1s=,MQe1E8VZtHcZTD8A7vlXlMS0RfY=
-5,-27,PGLBgGVWRR+GpZfDA1pwng3Kc1s=,MQe1E8VZtHcZTD8A7vlXlMS0RfY=
-4,-27,PGLBgGVWRR+GpZfDA1pwng3Kc1s=,MQe1E8VZtHcZTD8A7vlXlMS0RfY=
-3,-27,PGLBgGVWRR+GpZfDA1pwng3Kc1s=,MQe1E8VZtHcZTD8A7vlXlMS0RfY=
-2,-27,PGLBgGVWRR+GpZfDA1pwng3Kc1s=,MQe1E8VZtHcZTD8A7vlXlMS0RfY=
-1,-27,PGLBgGVWRR+GpZfDA1pwng3Kc1s=,MQe1E8VZtHcZTD8A7vlXlMS0RfY=
-16,-26,PGLBgGVWRR+GpZfDA1pwng3Kc1s=,MQe1E8VZtHcZTD8A7vlXlMS0RfY=
-11,-31,PGLBgGVWRR+GpZfDA1pwng3Kc1s=,MQe1E8VZtHcZTD8A7vlXlMS0RfY=
-15,-26,PGLBgGVWRR+GpZfDA1pwng3Kc1s=,MQe1E8VZtHcZTD8A7vlXlMS0RfY=
-14,-26,PGLBgGVWRR+GpZfDA1pwng3Kc1s=,MQe1E8VZtHcZTD8A7vlXlMS0RfY=
-6,-17,PGLBgGVWRR+GpZfDA1pwng3Kc1s=,MQe1E8VZtHcZTD8A7vlXlMS0RfY=
-13,-26,PGLBgGVWRR+GpZfDA1pwng3Kc1s=,MQe1E8VZtHcZTD8A7vlXlMS0RfY=
-12,-26,PGLBgGVWRR+GpZfDA1pwng3Kc1s=,MQe1E8VZtHcZTD8A7vlXlMS0RfY=
-11,-26,PGLBgGVWRR+GpZfDA1pwng3Kc1s=,MQe1E8VZtHcZTD8A7vlXlMS0RfY=
-10,-26,PGLBgGVWRR+GpZfDA1pwng3Kc1s=,MQe1E8VZtHcZTD8A7vlXlMS0RfY=
-9,-26,PGLBgGVWRR+GpZfDA1pwng3Kc1s=,MQe1E8VZtHcZTD8A7vlXlMS0RfY=
-8,-26,PGLBgGVWRR+GpZfDA1pwng3Kc1s=,MQe1E8VZtHcZTD8A7vlXlMS0RfY=
-7,-26,PGLBgGVWRR+GpZfDA1pwng3Kc1s=,MQe1E8VZtHcZTD8A7vlXlMS0RfY=
-15,-29,PGLBgGVWRR+GpZfDA1pwng3Kc1s=,MQe1E8VZtHcZTD8A7vlXlMS0RfY=
-8,-32,PGLBgGVWRR+GpZfDA1pwng3Kc1s=,MQe1E8VZtHcZTD8A7vlXlMS0RfY=
-6,-26,PGLBgGVWRR+GpZfDA1pwng3Kc1s=,MQe1E8VZtHcZTD8A7vlXlMS0RfY=
-5,-26,PGLBgGVWRR+GpZfDA1pwng3Kc1s=,MQe1E8VZtHcZTD8A7vlXlMS0RfY=
-4,-26,PGLBgGVWRR+GpZfDA1pwng3Kc1s=,MQe1E8VZtHcZTD8A7vlXlMS0RfY=
-3,-26,PGLBgGVWRR+GpZfDA1pwng3Kc1s=,MQe1E8VZtHcZTD8A7vlXlMS0RfY=
-2,-26,PGLBgGVWRR+GpZfDA1pwng3Kc1s=,MQe1E8VZtHcZTD8A7vlXlMS0RfY=
-1,-26,PGLBgGVWRR+GpZfDA1pwng3Kc1s=,MQe1E8VZtHcZTD8A7vlXlMS0RfY=
-10,-31,PGLBgGVWRR+GpZfDA1pwng3Kc1s=,MQe1E8VZtHcZTD8A7vlXlMS0RfY=
-16,-25,PGLBgGVWRR+GpZfDA1pwng3Kc1s=,MQe1E8VZtHcZTD8A7vlXlMS0RfY=
-15,-25,PGLBgGVWRR+GpZfDA1pwng3Kc1s=,MQe1E8VZtHcZTD8A7vlXlMS0RfY=
-14,-25,PGLBgGVWRR+GpZfDA1pwng3Kc1s=,MQe1E8VZtHcZTD8A7vlXlMS0RfY=
-13,-25,PGLBgGVWRR+GpZfDA1pwng3Kc1s=,MQe1E8VZtHcZTD8A7vlXlMS0RfY=
-12,-25,PGLBgGVWRR+GpZfDA1pwng3Kc1s=,MQe1E8VZtHcZTD8A7vlXlMS0RfY=
-11,-25,PGLBgGVWRR+GpZfDA1pwng3Kc1s=,MQe1E8VZtHcZTD8A7vlXlMS0RfY=
-10,-25,PGLBgGVWRR+GpZfDA1pwng3Kc1s=,MQe1E8VZtHcZTD8A7vlXlMS0RfY=
-9,-25,PGLBgGVWRR+GpZfDA1pwng3Kc1s=,MQe1E8VZtHcZTD8A7vlXlMS0RfY=
-8,-25,PGLBgGVWRR+GpZfDA1pwng3Kc1s=,MQe1E8VZtHcZTD8A7vlXlMS0RfY=
-14,-29,PGLBgGVWRR+GpZfDA1pwng3Kc1s=,MQe1E8VZtHcZTD8A7vlXlMS0RfY=
-7,-32,PGLBgGVWRR+GpZfDA1pwng3Kc1s=,MQe1E8VZtHcZTD8A7vlXlMS0RfY=
-7,-25,PGLBgGVWRR+GpZfDA1pwng3Kc1s=,MQe1E8VZtHcZTD8A7vlXlMS0RfY=
-6,-25,PGLBgGVWRR+GpZfDA1pwng3Kc1s=,MQe1E8VZtHcZTD8A7vlXlMS0RfY=
-5,-25,PGLBgGVWRR+GpZfDA1pwng3Kc1s=,MQe1E8VZtHcZTD8A7vlXlMS0RfY=
-4,-25,PGLBgGVWRR+GpZfDA1pwng3Kc1s=,MQe1E8VZtHcZTD8A7vlXlMS0RfY=
-3,-25,PGLBgGVWRR+GpZfDA1pwng3Kc1s=,MQe1E8VZtHcZTD8A7vlXlMS0RfY=
-2,-25,PGLBgGVWRR+GpZfDA1pwng3Kc1s=,MQe1E8VZtHcZTD8A7vlXlMS0RfY=
-1,-25,PGLBgGVWRR+GpZfDA1pwng3Kc1s=,MQe1E8VZtHcZTD8A7vlXlMS0RfY=
-9,-31,PGLBgGVWRR+GpZfDA1pwng3Kc1s=,MQe1E8VZtHcZTD8A7vlXlMS0RfY=
-16,-24,PGLBgGVWRR+GpZfDA1pwng3Kc1s=,MQe1E8VZtHcZTD8A7vlXlMS0RfY=
-15,-24,PGLBgGVWRR+GpZfDA1pwng3Kc1s=,MQe1E8VZtHcZTD8A7vlXlMS0RfY=
-14,-24,PGLBgGVWRR+GpZfDA1pwng3Kc1s=,MQe1E8VZtHcZTD8A7vlXlMS0RfY=
-13,-24,PGLBgGVWRR+GpZfDA1pwng3Kc1s=,MQe1E8VZtHcZTD8A7vlXlMS0RfY=
-12,-24,PGLBgGVWRR+GpZfDA1pwng3Kc1s=,MQe1E8VZtHcZTD8A7vlXlMS0RfY=
-11,-24,PGLBgGVWRR+GpZfDA1pwng3Kc1s=,MQe1E8VZtHcZTD8A7vlXlMS0RfY=
-10,-24,PGLBgGVWRR+GpZfDA1pwng3Kc1s=,MQe1E8VZtHcZTD8A7vlXlMS0RfY=
-9,-24,PGLBgGVWRR+GpZfDA1pwng3Kc1s=,MQe1E8VZtHcZTD8A7vlXlMS0RfY=
-13,-29,PGLBgGVWRR+GpZfDA1pwng3Kc1s=,MQe1E8VZtHcZTD8A7vlXlMS0RfY=
-6,-32,PGLBgGVWRR+GpZfDA1pwng3Kc1s=,MQe1E8VZtHcZTD8A7vlXlMS0RfY=
-8,-24,PGLBgGVWRR+GpZfDA1pwng3Kc1s=,MQe1E8VZtHcZTD8A7vlXlMS0RfY=
-7,-24,PGLBgGVWRR+GpZfDA1pwng3Kc1s=,MQe1E8VZtHcZTD8A7vlXlMS0RfY=
-5,-24,PGLBgGVWRR+GpZfDA1pwng3Kc1s=,MQe1E8VZtHcZTD8A7vlXlMS0RfY=
-6,-24,PGLBgGVWRR+GpZfDA1pwng3Kc1s=,MQe1E8VZtHcZTD8A7vlXlMS0RfY=
-4,-24,PGLBgGVWRR+GpZfDA1pwng3Kc1s=,MQe1E8VZtHcZTD8A7vlXlMS0RfY=
-3,-24,PGLBgGVWRR+GpZfDA1pwng3Kc1s=,MQe1E8VZtHcZTD8A7vlXlMS0RfY=
-2,-24,PGLBgGVWRR+GpZfDA1pwng3Kc1s=,MQe1E8VZtHcZTD8A7vlXlMS0RfY=
-1,-24,PGLBgGVWRR+GpZfDA1pwng3Kc1s=,MQe1E8VZtHcZTD8A7vlXlMS0RfY=
-8,-31,PGLBgGVWRR+GpZfDA1pwng3Kc1s=,MQe1E8VZtHcZTD8A7vlXlMS0RfY=
-16,-23,PGLBgGVWRR+GpZfDA1pwng3Kc1s=,MQe1E8VZtHcZTD8A7vlXlMS0RfY=
-15,-23,PGLBgGVWRR+GpZfDA1pwng3Kc1s=,MQe1E8VZtHcZTD8A7vlXlMS0RfY=
-14,-23,PGLBgGVWRR+GpZfDA1pwng3Kc1s=,MQe1E8VZtHcZTD8A7vlXlMS0RfY=
-13,-23,PGLBgGVWRR+GpZfDA1pwng3Kc1s=,MQe1E8VZtHcZTD8A7vlXlMS0RfY=
-12,-23,PGLBgGVWRR+GpZfDA1pwng3Kc1s=,MQe1E8VZtHcZTD8A7vlXlMS0RfY=
-11,-23,PGLBgGVWRR+GpZfDA1pwng3Kc1s=,MQe1E8VZtHcZTD8A7vlXlMS0RfY=
-10,-23,PGLBgGVWRR+GpZfDA1pwng3Kc1s=,MQe1E8VZtHcZTD8A7vlXlMS0RfY=
-12,-29,PGLBgGVWRR+GpZfDA1pwng3Kc1s=,MQe1E8VZtHcZTD8A7vlXlMS0RfY=
-5,-32,PGLBgGVWRR+GpZfDA1pwng3Kc1s=,MQe1E8VZtHcZTD8A7vlXlMS0RfY=
-9,-23,PGLBgGVWRR+GpZfDA1pwng3Kc1s=,MQe1E8VZtHcZTD8A7vlXlMS0RfY=
-8,-23,PGLBgGVWRR+GpZfDA1pwng3Kc1s=,MQe1E8VZtHcZTD8A7vlXlMS0RfY=
-7,-23,PGLBgGVWRR+GpZfDA1pwng3Kc1s=,MQe1E8VZtHcZTD8A7vlXlMS0RfY=
-6,-23,PGLBgGVWRR+GpZfDA1pwng3Kc1s=,MQe1E8VZtHcZTD8A7vlXlMS0RfY=
-7,-17,PGLBgGVWRR+GpZfDA1pwng3Kc1s=,MQe1E8VZtHcZTD8A7vlXlMS0RfY=
-5,-23,PGLBgGVWRR+GpZfDA1pwng3Kc1s=,MQe1E8VZtHcZTD8A7vlXlMS0RfY=
-4,-23,PGLBgGVWRR+GpZfDA1pwng3Kc1s=,MQe1E8VZtHcZTD8A7vlXlMS0RfY=
-3,-23,PGLBgGVWRR+GpZfDA1pwng3Kc1s=,MQe1E8VZtHcZTD8A7vlXlMS0RfY=
-2,-23,PGLBgGVWRR+GpZfDA1pwng3Kc1s=,MQe1E8VZtHcZTD8A7vlXlMS0RfY=
-1,-23,PGLBgGVWRR+GpZfDA1pwng3Kc1s=,MQe1E8VZtHcZTD8A7vlXlMS0RfY=
-7,-31,PGLBgGVWRR+GpZfDA1pwng3Kc1s=,MQe1E8VZtHcZTD8A7vlXlMS0RfY=
-16,-22,PGLBgGVWRR+GpZfDA1pwng3Kc1s=,MQe1E8VZtHcZTD8A7vlXlMS0RfY=
-15,-22,PGLBgGVWRR+GpZfDA1pwng3Kc1s=,MQe1E8VZtHcZTD8A7vlXlMS0RfY=
-14,-22,PGLBgGVWRR+GpZfDA1pwng3Kc1s=,MQe1E8VZtHcZTD8A7vlXlMS0RfY=
-13,-22,PGLBgGVWRR+GpZfDA1pwng3Kc1s=,MQe1E8VZtHcZTD8A7vlXlMS0RfY=
-12,-22,PGLBgGVWRR+GpZfDA1pwng3Kc1s=,MQe1E8VZtHcZTD8A7vlXlMS0RfY=
-8,-17,PGLBgGVWRR+GpZfDA1pwng3Kc1s=,MQe1E8VZtHcZTD8A7vlXlMS0RfY=
-9,-17,PGLBgGVWRR+GpZfDA1pwng3Kc1s=,MQe1E8VZtHcZTD8A7vlXlMS0RfY=
-10,-17,PGLBgGVWRR+GpZfDA1pwng3Kc1s=,MQe1E8VZtHcZTD8A7vlXlMS0RfY=
-10,-30,PGLBgGVWRR+GpZfDA1pwng3Kc1s=,MQe1E8VZtHcZTD8A7vlXlMS0RfY=
-11,-22,PGLBgGVWRR+GpZfDA1pwng3Kc1s=,MQe1E8VZtHcZTD8A7vlXlMS0RfY=
-11,-29,PGLBgGVWRR+GpZfDA1pwng3Kc1s=,MQe1E8VZtHcZTD8A7vlXlMS0RfY=
-4,-32,PGLBgGVWRR+GpZfDA1pwng3Kc1s=,MQe1E8VZtHcZTD8A7vlXlMS0RfY=
-10,-22,PGLBgGVWRR+GpZfDA1pwng3Kc1s=,MQe1E8VZtHcZTD8A7vlXlMS0RfY=
-9,-22,PGLBgGVWRR+GpZfDA1pwng3Kc1s=,MQe1E8VZtHcZTD8A7vlXlMS0RfY=
-8,-22,PGLBgGVWRR+GpZfDA1pwng3Kc1s=,MQe1E8VZtHcZTD8A7vlXlMS0RfY=
-7,-22,PGLBgGVWRR+GpZfDA1pwng3Kc1s=,MQe1E8VZtHcZTD8A7vlXlMS0RfY=
-6,-22,PGLBgGVWRR+GpZfDA1pwng3Kc1s=,MQe1E8VZtHcZTD8A7vlXlMS0RfY=
-5,-22,PGLBgGVWRR+GpZfDA1pwng3Kc1s=,MQe1E8VZtHcZTD8A7vlXlMS0RfY=
-3,-22,PGLBgGVWRR+GpZfDA1pwng3Kc1s=,MQe1E8VZtHcZTD8A7vlXlMS0RfY=
-4,-22,PGLBgGVWRR+GpZfDA1pwng3Kc1s=,MQe1E8VZtHcZTD8A7vlXlMS0RfY=
-2,-22,PGLBgGVWRR+GpZfDA1pwng3Kc1s=,MQe1E8VZtHcZTD8A7vlXlMS0RfY=
-1,-22,PGLBgGVWRR+GpZfDA1pwng3Kc1s=,MQe1E8VZtHcZTD8A7vlXlMS0RfY=
-6,-31,PGLBgGVWRR+GpZfDA1pwng3Kc1s=,MQe1E8VZtHcZTD8A7vlXlMS0RfY=
-16,-21,PGLBgGVWRR+GpZfDA1pwng3Kc1s=,MQe1E8VZtHcZTD8A7vlXlMS0RfY=
-15,-21,PGLBgGVWRR+GpZfDA1pwng3Kc1s=,MQe1E8VZtHcZTD8A7vlXlMS0RfY=
-14,-21,PGLBgGVWRR+GpZfDA1pwng3Kc1s=,MQe1E8VZtHcZTD8A7vlXlMS0RfY=
-13,-21,PGLBgGVWRR+GpZfDA1pwng3Kc1s=,MQe1E8VZtHcZTD8A7vlXlMS0RfY=
-11,-17,PGLBgGVWRR+GpZfDA1pwng3Kc1s=,MQe1E8VZtHcZTD8A7vlXlMS0RfY=
-11,-30,PGLBgGVWRR+GpZfDA1pwng3Kc1s=,MQe1E8VZtHcZTD8A7vlXlMS0RfY=
-12,-30,PGLBgGVWRR+GpZfDA1pwng3Kc1s=,MQe1E8VZtHcZTD8A7vlXlMS0RfY=
-14,-30,PGLBgGVWRR+GpZfDA1pwng3Kc1s=,MQe1E8VZtHcZTD8A7vlXlMS0RfY=
-15,-30,PGLBgGVWRR+GpZfDA1pwng3Kc1s=,MQe1E8VZtHcZTD8A7vlXlMS0RfY=
-16,-30,PGLBgGVWRR+GpZfDA1pwng3Kc1s=,MQe1E8VZtHcZTD8A7vlXlMS0RfY=
-12,-17,PGLBgGVWRR+GpZfDA1pwng3Kc1s=,MQe1E8VZtHcZTD8A7vlXlMS0RfY=
-12,-21,PGLBgGVWRR+GpZfDA1pwng3Kc1s=,MQe1E8VZtHcZTD8A7vlXlMS0RfY=
-10,-29,PGLBgGVWRR+GpZfDA1pwng3Kc1s=,MQe1E8VZtHcZTD8A7vlXlMS0RfY=
-3,-32,PGLBgGVWRR+GpZfDA1pwng3Kc1s=,MQe1E8VZtHcZTD8A7vlXlMS0RfY=
-14,-32,PGLBgGVWRR+GpZfDA1pwng3Kc1s=,MQe1E8VZtHcZTD8A7vlXlMS0RfY=
-13,-17,PGLBgGVWRR+GpZfDA1pwng3Kc1s=,MQe1E8VZtHcZTD8A7vlXlMS0RfY=
-13,-30,PGLBgGVWRR+GpZfDA1pwng3Kc1s=,MQe1E8VZtHcZTD8A7vlXlMS0RfY=
-14,-17,PGLBgGVWRR+GpZfDA1pwng3Kc1s=,MQe1E8VZtHcZTD8A7vlXlMS0RfY=
-6,-29,PGLBgGVWRR+GpZfDA1pwng3Kc1s=,MQe1E8VZtHcZTD8A7vlXlMS0RfY=
-11,-21,PGLBgGVWRR+GpZfDA1pwng3Kc1s=,MQe1E8VZtHcZTD8A7vlXlMS0RfY=
-16,-17,PGLBgGVWRR+GpZfDA1pwng3Kc1s=,MQe1E8VZtHcZTD8A7vlXlMS0RfY=
-2,-31,PGLBgGVWRR+GpZfDA1pwng3Kc1s=,MQe1E8VZtHcZTD8A7vlXlMS0RfY=
-1,-18,PGLBgGVWRR+GpZfDA1pwng3Kc1s=,MQe1E8VZtHcZTD8A7vlXlMS0RfY=
-2,-18,PGLBgGVWRR+GpZfDA1pwng3Kc1s=,MQe1E8VZtHcZTD8A7vlXlMS0RfY=
-3,-18,PGLBgGVWRR+GpZfDA1pwng3Kc1s=,MQe1E8VZtHcZTD8A7vlXlMS0RfY=
-4,-18,PGLBgGVWRR+GpZfDA1pwng3Kc1s=,MQe1E8VZtHcZTD8A7vlXlMS0RfY=
-5,-18,PGLBgGVWRR+GpZfDA1pwng3Kc1s=,MQe1E8VZtHcZTD8A7vlXlMS0RfY=
-10,-21,PGLBgGVWRR+GpZfDA1pwng3Kc1s=,MQe1E8VZtHcZTD8A7vlXlMS0RfY=
-6,-18,PGLBgGVWRR+GpZfDA1pwng3Kc1s=,MQe1E8VZtHcZTD8A7vlXlMS0RfY=
-7,-18,PGLBgGVWRR+GpZfDA1pwng3Kc1s=,MQe1E8VZtHcZTD8A7vlXlMS0RfY=
-9,-21,PGLBgGVWRR+GpZfDA1pwng3Kc1s=,MQe1E8VZtHcZTD8A7vlXlMS0RfY=
-8,-21,PGLBgGVWRR+GpZfDA1pwng3Kc1s=,MQe1E8VZtHcZTD8A7vlXlMS0RfY=
-7,-21,PGLBgGVWRR+GpZfDA1pwng3Kc1s=,MQe1E8VZtHcZTD8A7vlXlMS0RfY=
-6,-21,PGLBgGVWRR+GpZfDA1pwng3Kc1s=,MQe1E8VZtHcZTD8A7vlXlMS0RfY=
-5,-21,PGLBgGVWRR+GpZfDA1pwng3Kc1s=,MQe1E8VZtHcZTD8A7vlXlMS0RfY=
-4,-21,PGLBgGVWRR+GpZfDA1pwng3Kc1s=,MQe1E8VZtHcZTD8A7vlXlMS0RfY=
-3,-21,PGLBgGVWRR+GpZfDA1pwng3Kc1s=,MQe1E8VZtHcZTD8A7vlXlMS0RfY=
-2,-21,PGLBgGVWRR+GpZfDA1pwng3Kc1s=,MQe1E8VZtHcZTD8A7vlXlMS0RfY=
-1,-21,PGLBgGVWRR+GpZfDA1pwng3Kc1s=,MQe1E8VZtHcZTD8A7vlXlMS0RfY=
-5,-31,PGLBgGVWRR+GpZfDA1pwng3Kc1s=,MQe1E8VZtHcZTD8A7vlXlMS0RfY=
-16,-20,PGLBgGVWRR+GpZfDA1pwng3Kc1s=,MQe1E8VZtHcZTD8A7vlXlMS0RfY=
-15,-20,PGLBgGVWRR+GpZfDA1pwng3Kc1s=,MQe1E8VZtHcZTD8A7vlXlMS0RfY=
-14,-20,PGLBgGVWRR+GpZfDA1pwng3Kc1s=,MQe1E8VZtHcZTD8A7vlXlMS0RfY=
-13,-20,PGLBgGVWRR+GpZfDA1pwng3Kc1s=,MQe1E8VZtHcZTD8A7vlXlMS0RfY=
-9,-29,PGLBgGVWRR+GpZfDA1pwng3Kc1s=,MQe1E8VZtHcZTD8A7vlXlMS0RfY=
-2,-32,PGLBgGVWRR+GpZfDA1pwng3Kc1s=,MQe1E8VZtHcZTD8A7vlXlMS0RfY=
-8,-18,PGLBgGVWRR+GpZfDA1pwng3Kc1s=,MQe1E8VZtHcZTD8A7vlXlMS0RfY=
-15,-17,PGLBgGVWRR+GpZfDA1pwng3Kc1s=,MQe1E8VZtHcZTD8A7vlXlMS0RfY=
-9,-18,PGLBgGVWRR+GpZfDA1pwng3Kc1s=,MQe1E8VZtHcZTD8A7vlXlMS0RfY=
-12,-20,PGLBgGVWRR+GpZfDA1pwng3Kc1s=,MQe1E8VZtHcZTD8A7vlXlMS0RfY=
-10,-18,PGLBgGVWRR+GpZfDA1pwng3Kc1s=,MQe1E8VZtHcZTD8A7vlXlMS0RfY=
-11,-18,PGLBgGVWRR+GpZfDA1pwng3Kc1s=,MQe1E8VZtHcZTD8A7vlXlMS0RfY=
-11,-20,PGLBgGVWRR+GpZfDA1pwng3Kc1s=,MQe1E8VZtHcZTD8A7vlXlMS0RfY=
-12,-18,PGLBgGVWRR+GpZfDA1pwng3Kc1s=,MQe1E8VZtHcZTD8A7vlXlMS0RfY=
-13,-18,PGLBgGVWRR+GpZfDA1pwng3Kc1s=,MQe1E8VZtHcZTD8A7vlXlMS0RfY=
-15,-31,PGLBgGVWRR+GpZfDA1pwng3Kc1s=,MQe1E8VZtHcZTD8A7vlXlMS0RfY=
-7,-29,PGLBgGVWRR+GpZfDA1pwng3Kc1s=,MQe1E8VZtHcZTD8A7vlXlMS0RfY=
-14,-18,PGLBgGVWRR+GpZfDA1pwng3Kc1s=,MQe1E8VZtHcZTD8A7vlXlMS0RfY=
-16,-31,PGLBgGVWRR+GpZfDA1pwng3Kc1s=,MQe1E8VZtHcZTD8A7vlXlMS0RfY=
-10,-20,PGLBgGVWRR+GpZfDA1pwng3Kc1s=,MQe1E8VZtHcZTD8A7vlXlMS0RfY=
-16,-18,PGLBgGVWRR+GpZfDA1pwng3Kc1s=,MQe1E8VZtHcZTD8A7vlXlMS0RfY=
-15,-32,PGLBgGVWRR+GpZfDA1pwng3Kc1s=,MQe1E8VZtHcZTD8A7vlXlMS0RfY=
-1,-19,PGLBgGVWRR+GpZfDA1pwng3Kc1s=,MQe1E8VZtHcZTD8A7vlXlMS0RfY=
-2,-19,PGLBgGVWRR+GpZfDA1pwng3Kc1s=,MQe1E8VZtHcZTD8A7vlXlMS0RfY=
-3,-19,PGLBgGVWRR+GpZfDA1pwng3Kc1s=,MQe1E8VZtHcZTD8A7vlXlMS0RfY=
-4,-19,PGLBgGVWRR+GpZfDA1pwng3Kc1s=,MQe1E8VZtHcZTD8A7vlXlMS0RfY=
-5,-19,PGLBgGVWRR+GpZfDA1pwng3Kc1s=,MQe1E8VZtHcZTD8A7vlXlMS0RfY=
-6,-19,PGLBgGVWRR+GpZfDA1pwng3Kc1s=,MQe1E8VZtHcZTD8A7vlXlMS0RfY=
-15,-18,PGLBgGVWRR+GpZfDA1pwng3Kc1s=,MQe1E8VZtHcZTD8A7vlXlMS0RfY=
-7,-19,PGLBgGVWRR+GpZfDA1pwng3Kc1s=,MQe1E8VZtHcZTD8A7vlXlMS0RfY=
-9,-20,PGLBgGVWRR+GpZfDA1pwng3Kc1s=,MQe1E8VZtHcZTD8A7vlXlMS0RfY=
-8,-20,PGLBgGVWRR+GpZfDA1pwng3Kc1s=,MQe1E8VZtHcZTD8A7vlXlMS0RfY=
-7,-20,PGLBgGVWRR+GpZfDA1pwng3Kc1s=,MQe1E8VZtHcZTD8A7vlXlMS0RfY=
-6,-20,PGLBgGVWRR+GpZfDA1pwng3Kc1s=,MQe1E8VZtHcZTD8A7vlXlMS0RfY=
-5,-20,PGLBgGVWRR+GpZfDA1pwng3Kc1s=,MQe1E8VZtHcZTD8A7vlXlMS0RfY=
-4,-20,PGLBgGVWRR+GpZfDA1pwng3Kc1s=,MQe1E8VZtHcZTD8A7vlXlMS0RfY=
-3,-20,PGLBgGVWRR+GpZfDA1pwng3Kc1s=,MQe1E8VZtHcZTD8A7vlXlMS0RfY=
-2,-20,PGLBgGVWRR+GpZfDA1pwng3Kc1s=,MQe1E8VZtHcZTD8A7vlXlMS0RfY=
-1,-20,PGLBgGVWRR+GpZfDA1pwng3Kc1s=,MQe1E8VZtHcZTD8A7vlXlMS0RfY=
-16,-19,PGLBgGVWRR+GpZfDA1pwng3Kc1s=,MQe1E8VZtHcZTD8A7vlXlMS0RfY=
-4,-31,PGLBgGVWRR+GpZfDA1pwng3Kc1s=,MQe1E8VZtHcZTD8A7vlXlMS0RfY=
-9,-19,PGLBgGVWRR+GpZfDA1pwng3Kc1s=,MQe1E8VZtHcZTD8A7vlXlMS0RfY=
-15,-19,PGLBgGVWRR+GpZfDA1pwng3Kc1s=,MQe1E8VZtHcZTD8A7vlXlMS0RfY=
-8,-19,PGLBgGVWRR+GpZfDA1pwng3Kc1s=,MQe1E8VZtHcZTD8A7vlXlMS0RfY=
-14,-19,PGLBgGVWRR+GpZfDA1pwng3Kc1s=,MQe1E8VZtHcZTD8A7vlXlMS0RfY=
-8,-29,PGLBgGVWRR+GpZfDA1pwng3Kc1s=,MQe1E8VZtHcZTD8A7vlXlMS0RfY=
-3,-31,PGLBgGVWRR+GpZfDA1pwng3Kc1s=,MQe1E8VZtHcZTD8A7vlXlMS0RfY=
-1,-32,PGLBgGVWRR+GpZfDA1pwng3Kc1s=,MQe1E8VZtHcZTD8A7vlXlMS0RfY=
-10,-19,PGLBgGVWRR+GpZfDA1pwng3Kc1s=,MQe1E8VZtHcZTD8A7vlXlMS0RfY=
-11,-19,PGLBgGVWRR+GpZfDA1pwng3Kc1s=,MQe1E8VZtHcZTD8A7vlXlMS0RfY=
-12,-19,PGLBgGVWRR+GpZfDA1pwng3Kc1s=,MQe1E8VZtHcZTD8A7vlXlMS0RfY=
-13,-19,PGLBgGVWRR+GpZfDA1pwng3Kc1s=,MQe1E8VZtHcZTD8A7vlXlMS0RfY=
-29,-32,jf4Rw2+oQYWHO1h6+TMKgiF/xv8=,kRPn7iQfkI4NkVkrweDWUgwnvnY=
-17,-31,jf4Rw2+oQYWHO1h6+TMKgiF/xv8=,kRPn7iQfkI4NkVkrweDWUgwnvnY=
-20,-30,jf4Rw2+oQYWHO1h6+TMKgiF/xv8=,kRPn7iQfkI4NkVkrweDWUgwnvnY=
-19,-30,jf4Rw2+oQYWHO1h6+TMKgiF/xv8=,kRPn7iQfkI4NkVkrweDWUgwnvnY=
-17,-17,jf4Rw2+oQYWHO1h6+TMKgiF/xv8=,kRPn7iQfkI4NkVkrweDWUgwnvnY=
-22,-30,jf4Rw2+oQYWHO1h6+TMKgiF/xv8=,kRPn7iQfkI4NkVkrweDWUgwnvnY=
-21,-30,jf4Rw2+oQYWHO1h6+TMKgiF/xv8=,kRPn7iQfkI4NkVkrweDWUgwnvnY=
-23,-30,jf4Rw2+oQYWHO1h6+TMKgiF/xv8=,kRPn7iQfkI4NkVkrweDWUgwnvnY=
-24,-30,jf4Rw2+oQYWHO1h6+TMKgiF/xv8=,kRPn7iQfkI4NkVkrweDWUgwnvnY=
-25,-30,jf4Rw2+oQYWHO1h6+TMKgiF/xv8=,kRPn7iQfkI4NkVkrweDWUgwnvnY=
-26,-30,jf4Rw2+oQYWHO1h6+TMKgiF/xv8=,kRPn7iQfkI4NkVkrweDWUgwnvnY=
-18,-17,jf4Rw2+oQYWHO1h6+TMKgiF/xv8=,kRPn7iQfkI4NkVkrweDWUgwnvnY=
-21,-29,jf4Rw2+oQYWHO1h6+TMKgiF/xv8=,kRPn7iQfkI4NkVkrweDWUgwnvnY=
-19,-17,jf4Rw2+oQYWHO1h6+TMKgiF/xv8=,kRPn7iQfkI4NkVkrweDWUgwnvnY=
-27,-30,jf4Rw2+oQYWHO1h6+TMKgiF/xv8=,kRPn7iQfkI4NkVkrweDWUgwnvnY=
-20,-17,jf4Rw2+oQYWHO1h6+TMKgiF/xv8=,kRPn7iQfkI4NkVkrweDWUgwnvnY=
-21,-17,jf4Rw2+oQYWHO1h6+TMKgiF/xv8=,kRPn7iQfkI4NkVkrweDWUgwnvnY=
-22,-17,jf4Rw2+oQYWHO1h6+TMKgiF/xv8=,kRPn7iQfkI4NkVkrweDWUgwnvnY=
-24,-17,jf4Rw2+oQYWHO1h6+TMKgiF/xv8=,kRPn7iQfkI4NkVkrweDWUgwnvnY=
-23,-17,jf4Rw2+oQYWHO1h6+TMKgiF/xv8=,kRPn7iQfkI4NkVkrweDWUgwnvnY=
-25,-17,jf4Rw2+oQYWHO1h6+TMKgiF/xv8=,kRPn7iQfkI4NkVkrweDWUgwnvnY=
-28,-30,jf4Rw2+oQYWHO1h6+TMKgiF/xv8=,kRPn7iQfkI4NkVkrweDWUgwnvnY=
-26,-17,jf4Rw2+oQYWHO1h6+TMKgiF/xv8=,kRPn7iQfkI4NkVkrweDWUgwnvnY=
-29,-30,jf4Rw2+oQYWHO1h6+TMKgiF/xv8=,kRPn7iQfkI4NkVkrweDWUgwnvnY=
-30,-30,jf4Rw2+oQYWHO1h6+TMKgiF/xv8=,kRPn7iQfkI4NkVkrweDWUgwnvnY=
-31,-30,jf4Rw2+oQYWHO1h6+TMKgiF/xv8=,kRPn7iQfkI4NkVkrweDWUgwnvnY=
-20,-29,jf4Rw2+oQYWHO1h6+TMKgiF/xv8=,kRPn7iQfkI4NkVkrweDWUgwnvnY=
-32,-30,jf4Rw2+oQYWHO1h6+TMKgiF/xv8=,kRPn7iQfkI4NkVkrweDWUgwnvnY=
-27,-17,jf4Rw2+oQYWHO1h6+TMKgiF/xv8=,kRPn7iQfkI4NkVkrweDWUgwnvnY=
-18,-30,jf4Rw2+oQYWHO1h6+TMKgiF/xv8=,kRPn7iQfkI4NkVkrweDWUgwnvnY=
-28,-17,jf4Rw2+oQYWHO1h6+TMKgiF/xv8=,kRPn7iQfkI4NkVkrweDWUgwnvnY=
-29,-17,jf4Rw2+oQYWHO1h6+TMKgiF/xv8=,kRPn7iQfkI4NkVkrweDWUgwnvnY=
-28,-32,jf4Rw2+oQYWHO1h6+TMKgiF/xv8=,kRPn7iQfkI4NkVkrweDWUgwnvnY=
-30,-17,jf4Rw2+oQYWHO1h6+TMKgiF/xv8=,kRPn7iQfkI4NkVkrweDWUgwnvnY=
-30,-32,jf4Rw2+oQYWHO1h6+TMKgiF/xv8=,kRPn7iQfkI4NkVkrweDWUgwnvnY=
-19,-29,jf4Rw2+oQYWHO1h6+TMKgiF/xv8=,kRPn7iQfkI4NkVkrweDWUgwnvnY=
-31,-17,jf4Rw2+oQYWHO1h6+TMKgiF/xv8=,kRPn7iQfkI4NkVkrweDWUgwnvnY=
-22,-29,jf4Rw2+oQYWHO1h6+TMKgiF/xv8=,kRPn7iQfkI4NkVkrweDWUgwnvnY=
-18,-29,jf4Rw2+oQYWHO1h6+TMKgiF/xv8=,kRPn7iQfkI4NkVkrweDWUgwnvnY=
-32,-17,jf4Rw2+oQYWHO1h6+TMKgiF/xv8=,kRPn7iQfkI4NkVkrweDWUgwnvnY=
-18,-31,jf4Rw2+oQYWHO1h6+TMKgiF/xv8=,kRPn7iQfkI4NkVkrweDWUgwnvnY=
-17,-29,jf4Rw2+oQYWHO1h6+TMKgiF/xv8=,kRPn7iQfkI4NkVkrweDWUgwnvnY=
-17,-18,jf4Rw2+oQYWHO1h6+TMKgiF/xv8=,kRPn7iQfkI4NkVkrweDWUgwnvnY=
-18,-18,jf4Rw2+oQYWHO1h6+TMKgiF/xv8=,kRPn7iQfkI4NkVkrweDWUgwnvnY=
-32,-28,jf4Rw2+oQYWHO1h6+TMKgiF/xv8=,kRPn7iQfkI4NkVkrweDWUgwnvnY=
-19,-18,jf4Rw2+oQYWHO1h6+TMKgiF/xv8=,kRPn7iQfkI4NkVkrweDWUgwnvnY=
-27,-32,jf4Rw2+oQYWHO1h6+TMKgiF/xv8=,kRPn7iQfkI4NkVkrweDWUgwnvnY=
-20,-18,jf4Rw2+oQYWHO1h6+TMKgiF/xv8=,kRPn7iQfkI4NkVkrweDWUgwnvnY=
-21,-18,jf4Rw2+oQYWHO1h6+TMKgiF/xv8=,kRPn7iQfkI4NkVkrweDWUgwnvnY=
-30,-31,jf4Rw2+oQYWHO1h6+TMKgiF/xv8=,kRPn7iQfkI4NkVkrweDWUgwnvnY=
-22,-18,jf4Rw2+oQYWHO1h6+TMKgiF/xv8=,kRPn7iQfkI4NkVkrweDWUgwnvnY=
-23,-18,jf4Rw2+oQYWHO1h6+TMKgiF/xv8=,kRPn7iQfkI4NkVkrweDWUgwnvnY=
-31,-28,jf4Rw2+oQYWHO1h6+TMKgiF/xv8=,kRPn7iQfkI4NkVkrweDWUgwnvnY=
-24,-18,jf4Rw2+oQYWHO1h6+TMKgiF/xv8=,kRPn7iQfkI4NkVkrweDWUgwnvnY=
-25,-18,jf4Rw2+oQYWHO1h6+TMKgiF/xv8=,kRPn7iQfkI4NkVkrweDWUgwnvnY=
-30,-28,jf4Rw2+oQYWHO1h6+TMKgiF/xv8=,kRPn7iQfkI4NkVkrweDWUgwnvnY=
-26,-18,jf4Rw2+oQYWHO1h6+TMKgiF/xv8=,kRPn7iQfkI4NkVkrweDWUgwnvnY=
-27,-18,jf4Rw2+oQYWHO1h6+TMKgiF/xv8=,kRPn7iQfkI4NkVkrweDWUgwnvnY=
-29,-28,jf4Rw2+oQYWHO1h6+TMKgiF/xv8=,kRPn7iQfkI4NkVkrweDWUgwnvnY=
-28,-18,jf4Rw2+oQYWHO1h6+TMKgiF/xv8=,kRPn7iQfkI4NkVkrweDWUgwnvnY=
-28,-28,jf4Rw2+oQYWHO1h6+TMKgiF/xv8=,kRPn7iQfkI4NkVkrweDWUgwnvnY=
-29,-18,jf4Rw2+oQYWHO1h6+TMKgiF/xv8=,kRPn7iQfkI4NkVkrweDWUgwnvnY=
-30,-18,jf4Rw2+oQYWHO1h6+TMKgiF/xv8=,kRPn7iQfkI4NkVkrweDWUgwnvnY=
-27,-28,jf4Rw2+oQYWHO1h6+TMKgiF/xv8=,kRPn7iQfkI4NkVkrweDWUgwnvnY=
-31,-31,jf4Rw2+oQYWHO1h6+TMKgiF/xv8=,kRPn7iQfkI4NkVkrweDWUgwnvnY=
-23,-29,jf4Rw2+oQYWHO1h6+TMKgiF/xv8=,kRPn7iQfkI4NkVkrweDWUgwnvnY=
-26,-28,jf4Rw2+oQYWHO1h6+TMKgiF/xv8=,kRPn7iQfkI4NkVkrweDWUgwnvnY=
-31,-18,jf4Rw2+oQYWHO1h6+TMKgiF/xv8=,kRPn7iQfkI4NkVkrweDWUgwnvnY=
-32,-31,jf4Rw2+oQYWHO1h6+TMKgiF/xv8=,kRPn7iQfkI4NkVkrweDWUgwnvnY=
-25,-28,jf4Rw2+oQYWHO1h6+TMKgiF/xv8=,kRPn7iQfkI4NkVkrweDWUgwnvnY=
-32,-18,jf4Rw2+oQYWHO1h6+TMKgiF/xv8=,kRPn7iQfkI4NkVkrweDWUgwnvnY=
-31,-32,jf4Rw2+oQYWHO1h6+TMKgiF/xv8=,kRPn7iQfkI4NkVkrweDWUgwnvnY=
-24,-28,jf4Rw2+oQYWHO1h6+TMKgiF/xv8=,kRPn7iQfkI4NkVkrweDWUgwnvnY=
-17,-19,jf4Rw2+oQYWHO1h6+TMKgiF/xv8=,kRPn7iQfkI4NkVkrweDWUgwnvnY=
-18,-19,jf4Rw2+oQYWHO1h6+TMKgiF/xv8=,kRPn7iQfkI4NkVkrweDWUgwnvnY=
-23,-28,jf4Rw2+oQYWHO1h6+TMKgiF/xv8=,kRPn7iQfkI4NkVkrweDWUgwnvnY=
-19,-19,jf4Rw2+oQYWHO1h6+TMKgiF/xv8=,kRPn7iQfkI4NkVkrweDWUgwnvnY=
-20,-19,jf4Rw2+oQYWHO1h6+TMKgiF/xv8=,kRPn7iQfkI4NkVkrweDWUgwnvnY=
-22,-28,jf4Rw2+oQYWHO1h6+TMKgiF/xv8=,kRPn7iQfkI4NkVkrweDWUgwnvnY=
-22,-19,jf4Rw2+oQYWHO1h6+TMKgiF/xv8=,kRPn7iQfkI4NkVkrweDWUgwnvnY=
-21,-19,jf4Rw2+oQYWHO1h6+TMKgiF/xv8=,kRPn7iQfkI4NkVkrweDWUgwnvnY=
-17,-30,jf4Rw2+oQYWHO1h6+TMKgiF/xv8=,kRPn7iQfkI4NkVkrweDWUgwnvnY=
-24,-19,jf4Rw2+oQYWHO1h6+TMKgiF/xv8=,kRPn7iQfkI4NkVkrweDWUgwnvnY=
-23,-19,jf4Rw2+oQYWHO1h6+TMKgiF/xv8=,kRPn7iQfkI4NkVkrweDWUgwnvnY=
-21,-28,jf4Rw2+oQYWHO1h6+TMKgiF/xv8=,kRPn7iQfkI4NkVkrweDWUgwnvnY=
-25,-19,jf4Rw2+oQYWHO1h6+TMKgiF/xv8=,kRPn7iQfkI4NkVkrweDWUgwnvnY=
-26,-19,jf4Rw2+oQYWHO1h6+TMKgiF/xv8=,kRPn7iQfkI4NkVkrweDWUgwnvnY=
-26,-32,jf4Rw2+oQYWHO1h6+TMKgiF/xv8=,kRPn7iQfkI4NkVkrweDWUgwnvnY=
-27,-19,jf4Rw2+oQYWHO1h6+TMKgiF/xv8=,kRPn7iQfkI4NkVkrweDWUgwnvnY=
-28,-19,jf4Rw2+oQYWHO1h6+TMKgiF/xv8=,kRPn7iQfkI4NkVkrweDWUgwnvnY=
-20,-28,jf4Rw2+oQYWHO1h6+TMKgiF/xv8=,kRPn7iQfkI4NkVkrweDWUgwnvnY=
-29,-19,jf4Rw2+oQYWHO1h6+TMKgiF/xv8=,kRPn7iQfkI4NkVkrweDWUgwnvnY=
-19,-28,jf4Rw2+oQYWHO1h6+TMKgiF/xv8=,kRPn7iQfkI4NkVkrweDWUgwnvnY=
-17,-32,jf4Rw2+oQYWHO1h6+TMKgiF/xv8=,kRPn7iQfkI4NkVkrweDWUgwnvnY=
-19,-31,jf4Rw2+oQYWHO1h6+TMKgiF/xv8=,kRPn7iQfkI4NkVkrweDWUgwnvnY=
-18,-28,jf4Rw2+oQYWHO1h6+TMKgiF/xv8=,kRPn7iQfkI4NkVkrweDWUgwnvnY=
-24,-29,jf4Rw2+oQYWHO1h6+TMKgiF/xv8=,kRPn7iQfkI4NkVkrweDWUgwnvnY=
-30,-19,jf4Rw2+oQYWHO1h6+TMKgiF/xv8=,kRPn7iQfkI4NkVkrweDWUgwnvnY=
-31,-19,jf4Rw2+oQYWHO1h6+TMKgiF/xv8=,kRPn7iQfkI4NkVkrweDWUgwnvnY=
-17,-28,jf4Rw2+oQYWHO1h6+TMKgiF/xv8=,kRPn7iQfkI4NkVkrweDWUgwnvnY=
-20,-31,jf4Rw2+oQYWHO1h6+TMKgiF/xv8=,kRPn7iQfkI4NkVkrweDWUgwnvnY=
-29,-31,jf4Rw2+oQYWHO1h6+TMKgiF/xv8=,kRPn7iQfkI4NkVkrweDWUgwnvnY=
-17,-20,jf4Rw2+oQYWHO1h6+TMKgiF/xv8=,kRPn7iQfkI4NkVkrweDWUgwnvnY=
-32,-19,jf4Rw2+oQYWHO1h6+TMKgiF/xv8=,kRPn7iQfkI4NkVkrweDWUgwnvnY=
-32,-27,jf4Rw2+oQYWHO1h6+TMKgiF/xv8=,kRPn7iQfkI4NkVkrweDWUgwnvnY=
-18,-20,jf4Rw2+oQYWHO1h6+TMKgiF/xv8=,kRPn7iQfkI4NkVkrweDWUgwnvnY=
-31,-27,jf4Rw2+oQYWHO1h6+TMKgiF/xv8=,kRPn7iQfkI4NkVkrweDWUgwnvnY=
-19,-20,jf4Rw2+oQYWHO1h6+TMKgiF/xv8=,kRPn7iQfkI4NkVkrweDWUgwnvnY=
-20,-20,jf4Rw2+oQYWHO1h6+TMKgiF/xv8=,kRPn7iQfkI4NkVkrweDWUgwnvnY=
-21,-20,jf4Rw2+oQYWHO1h6+TMKgiF/xv8=,kRPn7iQfkI4NkVkrweDWUgwnvnY=
-30,-27,jf4Rw2+oQYWHO1h6+TMKgiF/xv8=,kRPn7iQfkI4NkVkrweDWUgwnvnY=
-22,-20,jf4Rw2+oQYWHO1h6+TMKgiF/xv8=,kRPn7iQfkI4NkVkrweDWUgwnvnY=
-23,-20,jf4Rw2+oQYWHO1h6+TMKgiF/xv8=,kRPn7iQfkI4NkVkrweDWUgwnvnY=
-29,-27,jf4Rw2+oQYWHO1h6+TMKgiF/xv8=,kRPn7iQfkI4NkVkrweDWUgwnvnY=
-24,-20,jf4Rw2+oQYWHO1h6+TMKgiF/xv8=,kRPn7iQfkI4NkVkrweDWUgwnvnY=
-28,-27,jf4Rw2+oQYWHO1h6+TMKgiF/xv8=,kRPn7iQfkI4NkVkrweDWUgwnvnY=
-25,-20,jf4Rw2+oQYWHO1h6+TMKgiF/xv8=,kRPn7iQfkI4NkVkrweDWUgwnvnY=
-26,-20,jf4Rw2+oQYWHO1h6+TMKgiF/xv8=,kRPn7iQfkI4NkVkrweDWUgwnvnY=
-27,-27,jf4Rw2+oQYWHO1h6+TMKgiF/xv8=,kRPn7iQfkI4NkVkrweDWUgwnvnY=
-27,-20,jf4Rw2+oQYWHO1h6+TMKgiF/xv8=,kRPn7iQfkI4NkVkrweDWUgwnvnY=
-28,-20,jf4Rw2+oQYWHO1h6+TMKgiF/xv8=,kRPn7iQfkI4NkVkrweDWUgwnvnY=
-26,-27,jf4Rw2+oQYWHO1h6+TMKgiF/xv8=,kRPn7iQfkI4NkVkrweDWUgwnvnY=
-18,-32,jf4Rw2+oQYWHO1h6+TMKgiF/xv8=,kRPn7iQfkI4NkVkrweDWUgwnvnY=
-25,-29,jf4Rw2+oQYWHO1h6+TMKgiF/xv8=,kRPn7iQfkI4NkVkrweDWUgwnvnY=
-25,-27,jf4Rw2+oQYWHO1h6+TMKgiF/xv8=,kRPn7iQfkI4NkVkrweDWUgwnvnY=
-29,-20,jf4Rw2+oQYWHO1h6+TMKgiF/xv8=,kRPn7iQfkI4NkVkrweDWUgwnvnY=
-32,-32,jf4Rw2+oQYWHO1h6+TMKgiF/xv8=,kRPn7iQfkI4NkVkrweDWUgwnvnY=
-30,-20,jf4Rw2+oQYWHO1h6+TMKgiF/xv8=,kRPn7iQfkI4NkVkrweDWUgwnvnY=
-31,-20,jf4Rw2+oQYWHO1h6+TMKgiF/xv8=,kRPn7iQfkI4NkVkrweDWUgwnvnY=
-32,-20,jf4Rw2+oQYWHO1h6+TMKgiF/xv8=,kRPn7iQfkI4NkVkrweDWUgwnvnY=
-24,-27,jf4Rw2+oQYWHO1h6+TMKgiF/xv8=,kRPn7iQfkI4NkVkrweDWUgwnvnY=
-21,-31,jf4Rw2+oQYWHO1h6+TMKgiF/xv8=,kRPn7iQfkI4NkVkrweDWUgwnvnY=
-17,-21,jf4Rw2+oQYWHO1h6+TMKgiF/xv8=,kRPn7iQfkI4NkVkrweDWUgwnvnY=
-23,-27,jf4Rw2+oQYWHO1h6+TMKgiF/xv8=,kRPn7iQfkI4NkVkrweDWUgwnvnY=
-18,-21,jf4Rw2+oQYWHO1h6+TMKgiF/xv8=,kRPn7iQfkI4NkVkrweDWUgwnvnY=
-22,-27,jf4Rw2+oQYWHO1h6+TMKgiF/xv8=,kRPn7iQfkI4NkVkrweDWUgwnvnY=
-19,-21,jf4Rw2+oQYWHO1h6+TMKgiF/xv8=,kRPn7iQfkI4NkVkrweDWUgwnvnY=
-20,-21,jf4Rw2+oQYWHO1h6+TMKgiF/xv8=,kRPn7iQfkI4NkVkrweDWUgwnvnY=
-32,-29,jf4Rw2+oQYWHO1h6+TMKgiF/xv8=,kRPn7iQfkI4NkVkrweDWUgwnvnY=
-21,-21,jf4Rw2+oQYWHO1h6+TMKgiF/xv8=,kRPn7iQfkI4NkVkrweDWUgwnvnY=
-22,-21,jf4Rw2+oQYWHO1h6+TMKgiF/xv8=,kRPn7iQfkI4NkVkrweDWUgwnvnY=
-23,-21,jf4Rw2+oQYWHO1h6+TMKgiF/xv8=,kRPn7iQfkI4NkVkrweDWUgwnvnY=
-28,-31,jf4Rw2+oQYWHO1h6+TMKgiF/xv8=,kRPn7iQfkI4NkVkrweDWUgwnvnY=
-24,-21,jf4Rw2+oQYWHO1h6+TMKgiF/xv8=,kRPn7iQfkI4NkVkrweDWUgwnvnY=
-25,-21,jf4Rw2+oQYWHO1h6+TMKgiF/xv8=,kRPn7iQfkI4NkVkrweDWUgwnvnY=
-25,-32,jf4Rw2+oQYWHO1h6+TMKgiF/xv8=,kRPn7iQfkI4NkVkrweDWUgwnvnY=
-26,-21,jf4Rw2+oQYWHO1h6+TMKgiF/xv8=,kRPn7iQfkI4NkVkrweDWUgwnvnY=
-21,-27,jf4Rw2+oQYWHO1h6+TMKgiF/xv8=,kRPn7iQfkI4NkVkrweDWUgwnvnY=
-27,-21,jf4Rw2+oQYWHO1h6+TMKgiF/xv8=,kRPn7iQfkI4NkVkrweDWUgwnvnY=
-19,-32,jf4Rw2+oQYWHO1h6+TMKgiF/xv8=,kRPn7iQfkI4NkVkrweDWUgwnvnY=
-20,-27,jf4Rw2+oQYWHO1h6+TMKgiF/xv8=,kRPn7iQfkI4NkVkrweDWUgwnvnY=
-26,-29,jf4Rw2+oQYWHO1h6+TMKgiF/xv8=,kRPn7iQfkI4NkVkrweDWUgwnvnY=
-28,-21,jf4Rw2+oQYWHO1h6+TMKgiF/xv8=,kRPn7iQfkI4NkVkrweDWUgwnvnY=
-19,-27,jf4Rw2+oQYWHO1h6+TMKgiF/xv8=,kRPn7iQfkI4NkVkrweDWUgwnvnY=
-29,-21,jf4Rw2+oQYWHO1h6+TMKgiF/xv8=,kRPn7iQfkI4NkVkrweDWUgwnvnY=
-30,-21,jf4Rw2+oQYWHO1h6+TMKgiF/xv8=,kRPn7iQfkI4NkVkrweDWUgwnvnY=
-18,-27,jf4Rw2+oQYWHO1h6+TMKgiF/xv8=,kRPn7iQfkI4NkVkrweDWUgwnvnY=
-31,-21,jf4Rw2+oQYWHO1h6+TMKgiF/xv8=,kRPn7iQfkI4NkVkrweDWUgwnvnY=
-32,-21,jf4Rw2+oQYWHO1h6+TMKgiF/xv8=,kRPn7iQfkI4NkVkrweDWUgwnvnY=
-17,-27,jf4Rw2+oQYWHO1h6+TMKgiF/xv8=,kRPn7iQfkI4NkVkrweDWUgwnvnY=
-22,-31,jf4Rw2+oQYWHO1h6+TMKgiF/xv8=,kRPn7iQfkI4NkVkrweDWUgwnvnY=
-17,-22,jf4Rw2+oQYWHO1h6+TMKgiF/xv8=,kRPn7iQfkI4NkVkrweDWUgwnvnY=
-32,-26,jf4Rw2+oQYWHO1h6+TMKgiF/xv8=,kRPn7iQfkI4NkVkrweDWUgwnvnY=
-18,-22,jf4Rw2+oQYWHO1h6+TMKgiF/xv8=,kRPn7iQfkI4NkVkrweDWUgwnvnY=
-19,-22,jf4Rw2+oQYWHO1h6+TMKgiF/xv8=,kRPn7iQfkI4NkVkrweDWUgwnvnY=
-27,-31,jf4Rw2+oQYWHO1h6+TMKgiF/xv8=,kRPn7iQfkI4NkVkrweDWUgwnvnY=
-20,-22,jf4Rw2+oQYWHO1h6+TMKgiF/xv8=,kRPn7iQfkI4NkVkrweDWUgwnvnY=
-31,-26,jf4Rw2+oQYWHO1h6+TMKgiF/xv8=,kRPn7iQfkI4NkVkrweDWUgwnvnY=
-21,-22,jf4Rw2+oQYWHO1h6+TMKgiF/xv8=,kRPn7iQfkI4NkVkrweDWUgwnvnY=
-30,-26,jf4Rw2+oQYWHO1h6+TMKgiF/xv8=,kRPn7iQfkI4NkVkrweDWUgwnvnY=
-23,-22,jf4Rw2+oQYWHO1h6+TMKgiF/xv8=,kRPn7iQfkI4NkVkrweDWUgwnvnY=
-29,-26,jf4Rw2+oQYWHO1h6+TMKgiF/xv8=,kRPn7iQfkI4NkVkrweDWUgwnvnY=
-24,-22,jf4Rw2+oQYWHO1h6+TMKgiF/xv8=,kRPn7iQfkI4NkVkrweDWUgwnvnY=
-28,-26,jf4Rw2+oQYWHO1h6+TMKgiF/xv8=,kRPn7iQfkI4NkVkrweDWUgwnvnY=
-25,-22,jf4Rw2+oQYWHO1h6+TMKgiF/xv8=,kRPn7iQfkI4NkVkrweDWUgwnvnY=
-27,-26,jf4Rw2+oQYWHO1h6+TMKgiF/xv8=,kRPn7iQfkI4NkVkrweDWUgwnvnY=
-26,-22,jf4Rw2+oQYWHO1h6+TMKgiF/xv8=,kRPn7iQfkI4NkVkrweDWUgwnvnY=
-26,-26,jf4Rw2+oQYWHO1h6+TMKgiF/xv8=,kRPn7iQfkI4NkVkrweDWUgwnvnY=
-20,-32,jf4Rw2+oQYWHO1h6+TMKgiF/xv8=,kRPn7iQfkI4NkVkrweDWUgwnvnY=
-25,-26,jf4Rw2+oQYWHO1h6+TMKgiF/xv8=,kRPn7iQfkI4NkVkrweDWUgwnvnY=
-27,-29,jf4Rw2+oQYWHO1h6+TMKgiF/xv8=,kRPn7iQfkI4NkVkrweDWUgwnvnY=
-24,-26,jf4Rw2+oQYWHO1h6+TMKgiF/xv8=,kRPn7iQfkI4NkVkrweDWUgwnvnY=
-27,-22,jf4Rw2+oQYWHO1h6+TMKgiF/xv8=,kRPn7iQfkI4NkVkrweDWUgwnvnY=
-23,-26,jf4Rw2+oQYWHO1h6+TMKgiF/xv8=,kRPn7iQfkI4NkVkrweDWUgwnvnY=
-28,-22,jf4Rw2+oQYWHO1h6+TMKgiF/xv8=,kRPn7iQfkI4NkVkrweDWUgwnvnY=
-31,-29,jf4Rw2+oQYWHO1h6+TMKgiF/xv8=,kRPn7iQfkI4NkVkrweDWUgwnvnY=
-29,-22,jf4Rw2+oQYWHO1h6+TMKgiF/xv8=,kRPn7iQfkI4NkVkrweDWUgwnvnY=
-24,-32,jf4Rw2+oQYWHO1h6+TMKgiF/xv8=,kRPn7iQfkI4NkVkrweDWUgwnvnY=
-22,-26,jf4Rw2+oQYWHO1h6+TMKgiF/xv8=,kRPn7iQfkI4NkVkrweDWUgwnvnY=
-30,-22,jf4Rw2+oQYWHO1h6+TMKgiF/xv8=,kRPn7iQfkI4NkVkrweDWUgwnvnY=
-21,-26,jf4Rw2+oQYWHO1h6+TMKgiF/xv8=,kRPn7iQfkI4NkVkrweDWUgwnvnY=
-31,-22,jf4Rw2+oQYWHO1h6+TMKgiF/xv8=,kRPn7iQfkI4NkVkrweDWUgwnvnY=
-20,-26,jf4Rw2+oQYWHO1h6+TMKgiF/xv8=,kRPn7iQfkI4NkVkrweDWUgwnvnY=
-32,-22,jf4Rw2+oQYWHO1h6+TMKgiF/xv8=,kRPn7iQfkI4NkVkrweDWUgwnvnY=
-19,-26,jf4Rw2+oQYWHO1h6+TMKgiF/xv8=,kRPn7iQfkI4NkVkrweDWUgwnvnY=
-23,-31,jf4Rw2+oQYWHO1h6+TMKgiF/xv8=,kRPn7iQfkI4NkVkrweDWUgwnvnY=
-18,-26,jf4Rw2+oQYWHO1h6+TMKgiF/xv8=,kRPn7iQfkI4NkVkrweDWUgwnvnY=
-17,-23,jf4Rw2+oQYWHO1h6+TMKgiF/xv8=,kRPn7iQfkI4NkVkrweDWUgwnvnY=
-17,-26,jf4Rw2+oQYWHO1h6+TMKgiF/xv8=,kRPn7iQfkI4NkVkrweDWUgwnvnY=
-18,-23,jf4Rw2+oQYWHO1h6+TMKgiF/xv8=,kRPn7iQfkI4NkVkrweDWUgwnvnY=
-19,-23,jf4Rw2+oQYWHO1h6+TMKgiF/xv8=,kRPn7iQfkI4NkVkrweDWUgwnvnY=
-26,-31,jf4Rw2+oQYWHO1h6+TMKgiF/xv8=,kRPn7iQfkI4NkVkrweDWUgwnvnY=
-20,-23,jf4Rw2+oQYWHO1h6+TMKgiF/xv8=,kRPn7iQfkI4NkVkrweDWUgwnvnY=
-32,-25,jf4Rw2+oQYWHO1h6+TMKgiF/xv8=,kRPn7iQfkI4NkVkrweDWUgwnvnY=
-31,-25,jf4Rw2+oQYWHO1h6+TMKgiF/xv8=,kRPn7iQfkI4NkVkrweDWUgwnvnY=
-21,-23,jf4Rw2+oQYWHO1h6+TMKgiF/xv8=,kRPn7iQfkI4NkVkrweDWUgwnvnY=
-30,-25,jf4Rw2+oQYWHO1h6+TMKgiF/xv8=,kRPn7iQfkI4NkVkrweDWUgwnvnY=
-22,-23,jf4Rw2+oQYWHO1h6+TMKgiF/xv8=,kRPn7iQfkI4NkVkrweDWUgwnvnY=
-23,-23,jf4Rw2+oQYWHO1h6+TMKgiF/xv8=,kRPn7iQfkI4NkVkrweDWUgwnvnY=
-29,-25,jf4Rw2+oQYWHO1h6+TMKgiF/xv8=,kRPn7iQfkI4NkVkrweDWUgwnvnY=
-28,-25,jf4Rw2+oQYWHO1h6+TMKgiF/xv8=,kRPn7iQfkI4NkVkrweDWUgwnvnY=
-24,-23,jf4Rw2+oQYWHO1h6+TMKgiF/xv8=,kRPn7iQfkI4NkVkrweDWUgwnvnY=
-27,-25,jf4Rw2+oQYWHO1h6+TMKgiF/xv8=,kRPn7iQfkI4NkVkrweDWUgwnvnY=
-25,-23,jf4Rw2+oQYWHO1h6+TMKgiF/xv8=,kRPn7iQfkI4NkVkrweDWUgwnvnY=
-26,-25,jf4Rw2+oQYWHO1h6+TMKgiF/xv8=,kRPn7iQfkI4NkVkrweDWUgwnvnY=
-21,-32,jf4Rw2+oQYWHO1h6+TMKgiF/xv8=,kRPn7iQfkI4NkVkrweDWUgwnvnY=
-25,-25,jf4Rw2+oQYWHO1h6+TMKgiF/xv8=,kRPn7iQfkI4NkVkrweDWUgwnvnY=
-28,-29,jf4Rw2+oQYWHO1h6+TMKgiF/xv8=,kRPn7iQfkI4NkVkrweDWUgwnvnY=
-24,-25,jf4Rw2+oQYWHO1h6+TMKgiF/xv8=,kRPn7iQfkI4NkVkrweDWUgwnvnY=
-26,-23,jf4Rw2+oQYWHO1h6+TMKgiF/xv8=,kRPn7iQfkI4NkVkrweDWUgwnvnY=
-30,-29,jf4Rw2+oQYWHO1h6+TMKgiF/xv8=,kRPn7iQfkI4NkVkrweDWUgwnvnY=
-27,-23,jf4Rw2+oQYWHO1h6+TMKgiF/xv8=,kRPn7iQfkI4NkVkrweDWUgwnvnY=
-28,-23,jf4Rw2+oQYWHO1h6+TMKgiF/xv8=,kRPn7iQfkI4NkVkrweDWUgwnvnY=
-23,-32,jf4Rw2+oQYWHO1h6+TMKgiF/xv8=,kRPn7iQfkI4NkVkrweDWUgwnvnY=
-23,-25,jf4Rw2+oQYWHO1h6+TMKgiF/xv8=,kRPn7iQfkI4NkVkrweDWUgwnvnY=
-29,-23,jf4Rw2+oQYWHO1h6+TMKgiF/xv8=,kRPn7iQfkI4NkVkrweDWUgwnvnY=
-30,-23,jf4Rw2+oQYWHO1h6+TMKgiF/xv8=,kRPn7iQfkI4NkVkrweDWUgwnvnY=
-22,-25,jf4Rw2+oQYWHO1h6+TMKgiF/xv8=,kRPn7iQfkI4NkVkrweDWUgwnvnY=
-31,-23,jf4Rw2+oQYWHO1h6+TMKgiF/xv8=,kRPn7iQfkI4NkVkrweDWUgwnvnY=
-21,-25,jf4Rw2+oQYWHO1h6+TMKgiF/xv8=,kRPn7iQfkI4NkVkrweDWUgwnvnY=
-32,-23,jf4Rw2+oQYWHO1h6+TMKgiF/xv8=,kRPn7iQfkI4NkVkrweDWUgwnvnY=
-20,-25,jf4Rw2+oQYWHO1h6+TMKgiF/xv8=,kRPn7iQfkI4NkVkrweDWUgwnvnY=
-19,-25,jf4Rw2+oQYWHO1h6+TMKgiF/xv8=,kRPn7iQfkI4NkVkrweDWUgwnvnY=
-24,-31,jf4Rw2+oQYWHO1h6+TMKgiF/xv8=,kRPn7iQfkI4NkVkrweDWUgwnvnY=
-17,-24,jf4Rw2+oQYWHO1h6+TMKgiF/xv8=,kRPn7iQfkI4NkVkrweDWUgwnvnY=
-18,-25,jf4Rw2+oQYWHO1h6+TMKgiF/xv8=,kRPn7iQfkI4NkVkrweDWUgwnvnY=
-17,-25,jf4Rw2+oQYWHO1h6+TMKgiF/xv8=,kRPn7iQfkI4NkVkrweDWUgwnvnY=
-18,-24,jf4Rw2+oQYWHO1h6+TMKgiF/xv8=,kRPn7iQfkI4NkVkrweDWUgwnvnY=
-25,-31,jf4Rw2+oQYWHO1h6+TMKgiF/xv8=,kRPn7iQfkI4NkVkrweDWUgwnvnY=
-19,-24,jf4Rw2+oQYWHO1h6+TMKgiF/xv8=,kRPn7iQfkI4NkVkrweDWUgwnvnY=
-20,-24,jf4Rw2+oQYWHO1h6+TMKgiF/xv8=,kRPn7iQfkI4NkVkrweDWUgwnvnY=
-32,-24,jf4Rw2+oQYWHO1h6+TMKgiF/xv8=,kRPn7iQfkI4NkVkrweDWUgwnvnY=
-31,-24,jf4Rw2+oQYWHO1h6+TMKgiF/xv8=,kRPn7iQfkI4NkVkrweDWUgwnvnY=
-21,-24,jf4Rw2+oQYWHO1h6+TMKgiF/xv8=,kRPn7iQfkI4NkVkrweDWUgwnvnY=
-30,-24,jf4Rw2+oQYWHO1h6+TMKgiF/xv8=,kRPn7iQfkI4NkVkrweDWUgwnvnY=
-22,-24,jf4Rw2+oQYWHO1h6+TMKgiF/xv8=,kRPn7iQfkI4NkVkrweDWUgwnvnY=
-23,-24,jf4Rw2+oQYWHO1h6+TMKgiF/xv8=,kRPn7iQfkI4NkVkrweDWUgwnvnY=
-29,-24,jf4Rw2+oQYWHO1h6+TMKgiF/xv8=,kRPn7iQfkI4NkVkrweDWUgwnvnY=
-24,-24,jf4Rw2+oQYWHO1h6+TMKgiF/xv8=,kRPn7iQfkI4NkVkrweDWUgwnvnY=
-28,-24,jf4Rw2+oQYWHO1h6+TMKgiF/xv8=,kRPn7iQfkI4NkVkrweDWUgwnvnY=
-22,-32,jf4Rw2+oQYWHO1h6+TMKgiF/xv8=,kRPn7iQfkI4NkVkrweDWUgwnvnY=
-27,-24,jf4Rw2+oQYWHO1h6+TMKgiF/xv8=,kRPn7iQfkI4NkVkrweDWUgwnvnY=
-29,-29,jf4Rw2+oQYWHO1h6+TMKgiF/xv8=,kRPn7iQfkI4NkVkrweDWUgwnvnY=
-26,-24,jf4Rw2+oQYWHO1h6+TMKgiF/xv8=,kRPn7iQfkI4NkVkrweDWUgwnvnY=
-25,-24,jf4Rw2+oQYWHO1h6+TMKgiF/xv8=,kRPn7iQfkI4NkVkrweDWUgwnvnY=
-22,-22,jf4Rw2+oQYWHO1h6+TMKgiF/xv8=,kRPn7iQfkI4NkVkrweDWUgwnvnY=
-19,-1,X36iUKwNtJ78nx6YR/vq9WY5r4I=,GylHng/6gL2UKt1HomJC0o217M8=
-17,-14,X36iUKwNtJ78nx6YR/vq9WY5r4I=,GylHng/6gL2UKt1HomJC0o217M8=
-18,-14,X36iUKwNtJ78nx6YR/vq9WY5r4I=,GylHng/6gL2UKt1HomJC0o217M8=
-32,-13,X36iUKwNtJ78nx6YR/vq9WY5r4I=,GylHng/6gL2UKt1HomJC0o217M8=
-30,-13,X36iUKwNtJ78nx6YR/vq9WY5r4I=,GylHng/6gL2UKt1HomJC0o217M8=
-31,-13,X36iUKwNtJ78nx6YR/vq9WY5r4I=,GylHng/6gL2UKt1HomJC0o217M8=
-29,-13,X36iUKwNtJ78nx6YR/vq9WY5r4I=,GylHng/6gL2UKt1HomJC0o217M8=
-28,-13,X36iUKwNtJ78nx6YR/vq9WY5r4I=,GylHng/6gL2UKt1HomJC0o217M8=
-32,-14,X36iUKwNtJ78nx6YR/vq9WY5r4I=,GylHng/6gL2UKt1HomJC0o217M8=
-28,-16,X36iUKwNtJ78nx6YR/vq9WY5r4I=,GylHng/6gL2UKt1HomJC0o217M8=
-26,-13,X36iUKwNtJ78nx6YR/vq9WY5r4I=,GylHng/6gL2UKt1HomJC0o217M8=
-27,-13,X36iUKwNtJ78nx6YR/vq9WY5r4I=,GylHng/6gL2UKt1HomJC0o217M8=
-25,-13,X36iUKwNtJ78nx6YR/vq9WY5r4I=,GylHng/6gL2UKt1HomJC0o217M8=
-24,-13,X36iUKwNtJ78nx6YR/vq9WY5r4I=,GylHng/6gL2UKt1HomJC0o217M8=
-23,-13,X36iUKwNtJ78nx6YR/vq9WY5r4I=,GylHng/6gL2UKt1HomJC0o217M8=
-22,-13,X36iUKwNtJ78nx6YR/vq9WY5r4I=,GylHng/6gL2UKt1HomJC0o217M8=
-21,-13,X36iUKwNtJ78nx6YR/vq9WY5r4I=,GylHng/6gL2UKt1HomJC0o217M8=
-20,-13,X36iUKwNtJ78nx6YR/vq9WY5r4I=,GylHng/6gL2UKt1HomJC0o217M8=
-19,-13,X36iUKwNtJ78nx6YR/vq9WY5r4I=,GylHng/6gL2UKt1HomJC0o217M8=
-18,-13,X36iUKwNtJ78nx6YR/vq9WY5r4I=,GylHng/6gL2UKt1HomJC0o217M8=
-17,-13,X36iUKwNtJ78nx6YR/vq9WY5r4I=,GylHng/6gL2UKt1HomJC0o217M8=
-31,-14,X36iUKwNtJ78nx6YR/vq9WY5r4I=,GylHng/6gL2UKt1HomJC0o217M8=
-32,-12,X36iUKwNtJ78nx6YR/vq9WY5r4I=,GylHng/6gL2UKt1HomJC0o217M8=
-31,-12,X36iUKwNtJ78nx6YR/vq9WY5r4I=,GylHng/6gL2UKt1HomJC0o217M8=
-30,-12,X36iUKwNtJ78nx6YR/vq9WY5r4I=,GylHng/6gL2UKt1HomJC0o217M8=
-29,-12,X36iUKwNtJ78nx6YR/vq9WY5r4I=,GylHng/6gL2UKt1HomJC0o217M8=
-30,-14,X36iUKwNtJ78nx6YR/vq9WY5r4I=,GylHng/6gL2UKt1HomJC0o217M8=
-27,-16,X36iUKwNtJ78nx6YR/vq9WY5r4I=,GylHng/6gL2UKt1HomJC0o217M8=
-28,-12,X36iUKwNtJ78nx6YR/vq9WY5r4I=,GylHng/6gL2UKt1HomJC0o217M8=
-27,-12,X36iUKwNtJ78nx6YR/vq9WY5r4I=,GylHng/6gL2UKt1HomJC0o217M8=
-26,-12,X36iUKwNtJ78nx6YR/vq9WY5r4I=,GylHng/6gL2UKt1HomJC0o217M8=
-25,-12,X36iUKwNtJ78nx6YR/vq9WY5r4I=,GylHng/6gL2UKt1HomJC0o217M8=
-24,-12,X36iUKwNtJ78nx6YR/vq9WY5r4I=,GylHng/6gL2UKt1HomJC0o217M8=
-23,-12,X36iUKwNtJ78nx6YR/vq9WY5r4I=,GylHng/6gL2UKt1HomJC0o217M8=
-22,-12,X36iUKwNtJ78nx6YR/vq9WY5r4I=,GylHng/6gL2UKt1HomJC0o217M8=
-21,-12,X36iUKwNtJ78nx6YR/vq9WY5r4I=,GylHng/6gL2UKt1HomJC0o217M8=
-32,-16,X36iUKwNtJ78nx6YR/vq9WY5r4I=,GylHng/6gL2UKt1HomJC0o217M8=
-20,-12,X36iUKwNtJ78nx6YR/vq9WY5r4I=,GylHng/6gL2UKt1HomJC0o217M8=
-19,-12,X36iUKwNtJ78nx6YR/vq9WY5r4I=,GylHng/6gL2UKt1HomJC0o217M8=
-18,-12,X36iUKwNtJ78nx6YR/vq9WY5r4I=,GylHng/6gL2UKt1HomJC0o217M8=
-18,-1,X36iUKwNtJ78nx6YR/vq9WY5r4I=,GylHng/6gL2UKt1HomJC0o217M8=
-29,-16,X36iUKwNtJ78nx6YR/vq9WY5r4I=,GylHng/6gL2UKt1HomJC0o217M8=
-19,-14,X36iUKwNtJ78nx6YR/vq9WY5r4I=,GylHng/6gL2UKt1HomJC0o217M8=
-20,-1,X36iUKwNtJ78nx6YR/vq9WY5r4I=,GylHng/6gL2UKt1HomJC0o217M8=
-21,-1,X36iUKwNtJ78nx6YR/vq9WY5r4I=,GylHng/6gL2UKt1HomJC0o217M8=
-22,-1,X36iUKwNtJ78nx6YR/vq9WY5r4I=,GylHng/6gL2UKt1HomJC0o217M8=
-23,-1,X36iUKwNtJ78nx6YR/vq9WY5r4I=,GylHng/6gL2UKt1HomJC0o217M8=
-17,-1,X36iUKwNtJ78nx6YR/vq9WY5r4I=,GylHng/6gL2UKt1HomJC0o217M8=
-24,-1,X36iUKwNtJ78nx6YR/vq9WY5r4I=,GylHng/6gL2UKt1HomJC0o217M8=
-25,-1,X36iUKwNtJ78nx6YR/vq9WY5r4I=,GylHng/6gL2UKt1HomJC0o217M8=
-26,-1,X36iUKwNtJ78nx6YR/vq9WY5r4I=,GylHng/6gL2UKt1HomJC0o217M8=
-27,-1,X36iUKwNtJ78nx6YR/vq9WY5r4I=,GylHng/6gL2UKt1HomJC0o217M8=
-28,-1,X36iUKwNtJ78nx6YR/vq9WY5r4I=,GylHng/6gL2UKt1HomJC0o217M8=
-18,-15,X36iUKwNtJ78nx6YR/vq9WY5r4I=,GylHng/6gL2UKt1HomJC0o217M8=
-19,-15,X36iUKwNtJ78nx6YR/vq9WY5r4I=,GylHng/6gL2UKt1HomJC0o217M8=
-20,-15,X36iUKwNtJ78nx6YR/vq9WY5r4I=,GylHng/6gL2UKt1HomJC0o217M8=
-21,-15,X36iUKwNtJ78nx6YR/vq9WY5r4I=,GylHng/6gL2UKt1HomJC0o217M8=
-22,-15,X36iUKwNtJ78nx6YR/vq9WY5r4I=,GylHng/6gL2UKt1HomJC0o217M8=
-23,-15,X36iUKwNtJ78nx6YR/vq9WY5r4I=,GylHng/6gL2UKt1HomJC0o217M8=
-29,-1,X36iUKwNtJ78nx6YR/vq9WY5r4I=,GylHng/6gL2UKt1HomJC0o217M8=
-24,-15,X36iUKwNtJ78nx6YR/vq9WY5r4I=,GylHng/6gL2UKt1HomJC0o217M8=
-31,-1,X36iUKwNtJ78nx6YR/vq9WY5r4I=,GylHng/6gL2UKt1HomJC0o217M8=
-30,-1,X36iUKwNtJ78nx6YR/vq9WY5r4I=,GylHng/6gL2UKt1HomJC0o217M8=
-31,-15,X36iUKwNtJ78nx6YR/vq9WY5r4I=,GylHng/6gL2UKt1HomJC0o217M8=
-25,-15,X36iUKwNtJ78nx6YR/vq9WY5r4I=,GylHng/6gL2UKt1HomJC0o217M8=
-26,-15,X36iUKwNtJ78nx6YR/vq9WY5r4I=,GylHng/6gL2UKt1HomJC0o217M8=
-27,-15,X36iUKwNtJ78nx6YR/vq9WY5r4I=,GylHng/6gL2UKt1HomJC0o217M8=
-28,-15,X36iUKwNtJ78nx6YR/vq9WY5r4I=,GylHng/6gL2UKt1HomJC0o217M8=
-29,-15,X36iUKwNtJ78nx6YR/vq9WY5r4I=,GylHng/6gL2UKt1HomJC0o217M8=
-32,-1,X36iUKwNtJ78nx6YR/vq9WY5r4I=,GylHng/6gL2UKt1HomJC0o217M8=
-30,-15,X36iUKwNtJ78nx6YR/vq9WY5r4I=,GylHng/6gL2UKt1HomJC0o217M8=
-17,-12,X36iUKwNtJ78nx6YR/vq9WY5r4I=,GylHng/6gL2UKt1HomJC0o217M8=
-26,-16,X36iUKwNtJ78nx6YR/vq9WY5r4I=,GylHng/6gL2UKt1HomJC0o217M8=
-32,-11,X36iUKwNtJ78nx6YR/vq9WY5r4I=,GylHng/6gL2UKt1HomJC0o217M8=
-31,-11,X36iUKwNtJ78nx6YR/vq9WY5r4I=,GylHng/6gL2UKt1HomJC0o217M8=
-30,-11,X36iUKwNtJ78nx6YR/vq9WY5r4I=,GylHng/6gL2UKt1HomJC0o217M8=
-29,-11,X36iUKwNtJ78nx6YR/vq9WY5r4I=,GylHng/6gL2UKt1HomJC0o217M8=
-28,-11,X36iUKwNtJ78nx6YR/vq9WY5r4I=,GylHng/6gL2UKt1HomJC0o217M8=
-29,-14,X36iUKwNtJ78nx6YR/vq9WY5r4I=,GylHng/6gL2UKt1HomJC0o217M8=
-27,-11,X36iUKwNtJ78nx6YR/vq9WY5r4I=,GylHng/6gL2UKt1HomJC0o217M8=
-25,-16,X36iUKwNtJ78nx6YR/vq9WY5r4I=,GylHng/6gL2UKt1HomJC0o217M8=
-26,-11,X36iUKwNtJ78nx6YR/vq9WY5r4I=,GylHng/6gL2UKt1HomJC0o217M8=
-25,-11,X36iUKwNtJ78nx6YR/vq9WY5r4I=,GylHng/6gL2UKt1HomJC0o217M8=
-24,-11,X36iUKwNtJ78nx6YR/vq9WY5r4I=,GylHng/6gL2UKt1HomJC0o217M8=
-23,-11,X36iUKwNtJ78nx6YR/vq9WY5r4I=,GylHng/6gL2UKt1HomJC0o217M8=
-22,-11,X36iUKwNtJ78nx6YR/vq9WY5r4I=,GylHng/6gL2UKt1HomJC0o217M8=
-21,-11,X36iUKwNtJ78nx6YR/vq9WY5r4I=,GylHng/6gL2UKt1HomJC0o217M8=
-20,-11,X36iUKwNtJ78nx6YR/vq9WY5r4I=,GylHng/6gL2UKt1HomJC0o217M8=
-19,-11,X36iUKwNtJ78nx6YR/vq9WY5r4I=,GylHng/6gL2UKt1HomJC0o217M8=
-18,-11,X36iUKwNtJ78nx6YR/vq9WY5r4I=,GylHng/6gL2UKt1HomJC0o217M8=
-17,-15,X36iUKwNtJ78nx6YR/vq9WY5r4I=,GylHng/6gL2UKt1HomJC0o217M8=
-17,-11,X36iUKwNtJ78nx6YR/vq9WY5r4I=,GylHng/6gL2UKt1HomJC0o217M8=
-32,-10,X36iUKwNtJ78nx6YR/vq9WY5r4I=,GylHng/6gL2UKt1HomJC0o217M8=
-31,-10,X36iUKwNtJ78nx6YR/vq9WY5r4I=,GylHng/6gL2UKt1HomJC0o217M8=
-30,-10,X36iUKwNtJ78nx6YR/vq9WY5r4I=,GylHng/6gL2UKt1HomJC0o217M8=
-29,-10,X36iUKwNtJ78nx6YR/vq9WY5r4I=,GylHng/6gL2UKt1HomJC0o217M8=
-28,-10,X36iUKwNtJ78nx6YR/vq9WY5r4I=,GylHng/6gL2UKt1HomJC0o217M8=
-27,-10,X36iUKwNtJ78nx6YR/vq9WY5r4I=,GylHng/6gL2UKt1HomJC0o217M8=
-28,-14,X36iUKwNtJ78nx6YR/vq9WY5r4I=,GylHng/6gL2UKt1HomJC0o217M8=
-24,-16,X36iUKwNtJ78nx6YR/vq9WY5r4I=,GylHng/6gL2UKt1HomJC0o217M8=
-26,-10,X36iUKwNtJ78nx6YR/vq9WY5r4I=,GylHng/6gL2UKt1HomJC0o217M8=
-25,-10,X36iUKwNtJ78nx6YR/vq9WY5r4I=,GylHng/6gL2UKt1HomJC0o217M8=
-24,-10,X36iUKwNtJ78nx6YR/vq9WY5r4I=,GylHng/6gL2UKt1HomJC0o217M8=
-23,-10,X36iUKwNtJ78nx6YR/vq9WY5r4I=,GylHng/6gL2UKt1HomJC0o217M8=
-22,-10,X36iUKwNtJ78nx6YR/vq9WY5r4I=,GylHng/6gL2UKt1HomJC0o217M8=
-21,-10,X36iUKwNtJ78nx6YR/vq9WY5r4I=,GylHng/6gL2UKt1HomJC0o217M8=
-20,-10,X36iUKwNtJ78nx6YR/vq9WY5r4I=,GylHng/6gL2UKt1HomJC0o217M8=
-19,-10,X36iUKwNtJ78nx6YR/vq9WY5r4I=,GylHng/6gL2UKt1HomJC0o217M8=
-18,-10,X36iUKwNtJ78nx6YR/vq9WY5r4I=,GylHng/6gL2UKt1HomJC0o217M8=
-17,-10,X36iUKwNtJ78nx6YR/vq9WY5r4I=,GylHng/6gL2UKt1HomJC0o217M8=
-32,-9,X36iUKwNtJ78nx6YR/vq9WY5r4I=,GylHng/6gL2UKt1HomJC0o217M8=
-31,-9,X36iUKwNtJ78nx6YR/vq9WY5r4I=,GylHng/6gL2UKt1HomJC0o217M8=
-30,-9,X36iUKwNtJ78nx6YR/vq9WY5r4I=,GylHng/6gL2UKt1HomJC0o217M8=
-29,-9,X36iUKwNtJ78nx6YR/vq9WY5r4I=,GylHng/6gL2UKt1HomJC0o217M8=
-28,-9,X36iUKwNtJ78nx6YR/vq9WY5r4I=,GylHng/6gL2UKt1HomJC0o217M8=
-27,-9,X36iUKwNtJ78nx6YR/vq9WY5r4I=,GylHng/6gL2UKt1HomJC0o217M8=
-26,-9,X36iUKwNtJ78nx6YR/vq9WY5r4I=,GylHng/6gL2UKt1HomJC0o217M8=
-27,-14,X36iUKwNtJ78nx6YR/vq9WY5r4I=,GylHng/6gL2UKt1HomJC0o217M8=
-23,-16,X36iUKwNtJ78nx6YR/vq9WY5r4I=,GylHng/6gL2UKt1HomJC0o217M8=
-25,-9,X36iUKwNtJ78nx6YR/vq9WY5r4I=,GylHng/6gL2UKt1HomJC0o217M8=
-24,-9,X36iUKwNtJ78nx6YR/vq9WY5r4I=,GylHng/6gL2UKt1HomJC0o217M8=
-23,-9,X36iUKwNtJ78nx6YR/vq9WY5r4I=,GylHng/6gL2UKt1HomJC0o217M8=
-22,-9,X36iUKwNtJ78nx6YR/vq9WY5r4I=,GylHng/6gL2UKt1HomJC0o217M8=
-21,-9,X36iUKwNtJ78nx6YR/vq9WY5r4I=,GylHng/6gL2UKt1HomJC0o217M8=
-20,-9,X36iUKwNtJ78nx6YR/vq9WY5r4I=,GylHng/6gL2UKt1HomJC0o217M8=
-17,-2,X36iUKwNtJ78nx6YR/vq9WY5r4I=,GylHng/6gL2UKt1HomJC0o217M8=
-19,-9,X36iUKwNtJ78nx6YR/vq9WY5r4I=,GylHng/6gL2UKt1HomJC0o217M8=
-30,-16,X36iUKwNtJ78nx6YR/vq9WY5r4I=,GylHng/6gL2UKt1HomJC0o217M8=
-18,-9,X36iUKwNtJ78nx6YR/vq9WY5r4I=,GylHng/6gL2UKt1HomJC0o217M8=
-20,-14,X36iUKwNtJ78nx6YR/vq9WY5r4I=,GylHng/6gL2UKt1HomJC0o217M8=
-17,-9,X36iUKwNtJ78nx6YR/vq9WY5r4I=,GylHng/6gL2UKt1HomJC0o217M8=
-19,-2,X36iUKwNtJ78nx6YR/vq9WY5r4I=,GylHng/6gL2UKt1HomJC0o217M8=
-20,-2,X36iUKwNtJ78nx6YR/vq9WY5r4I=,GylHng/6gL2UKt1HomJC0o217M8=
-21,-2,X36iUKwNtJ78nx6YR/vq9WY5r4I=,GylHng/6gL2UKt1HomJC0o217M8=
-22,-2,X36iUKwNtJ78nx6YR/vq9WY5r4I=,GylHng/6gL2UKt1HomJC0o217M8=
-23,-2,X36iUKwNtJ78nx6YR/vq9WY5r4I=,GylHng/6gL2UKt1HomJC0o217M8=
-24,-2,X36iUKwNtJ78nx6YR/vq9WY5r4I=,GylHng/6gL2UKt1HomJC0o217M8=
-25,-2,X36iUKwNtJ78nx6YR/vq9WY5r4I=,GylHng/6gL2UKt1HomJC0o217M8=
-26,-2,X36iUKwNtJ78nx6YR/vq9WY5r4I=,GylHng/6gL2UKt1HomJC0o217M8=
-27,-2,X36iUKwNtJ78nx6YR/vq9WY5r4I=,GylHng/6gL2UKt1HomJC0o217M8=
-28,-2,X36iUKwNtJ78nx6YR/vq9WY5r4I=,GylHng/6gL2UKt1HomJC0o217M8=
-30,-2,X36iUKwNtJ78nx6YR/vq9WY5r4I=,GylHng/6gL2UKt1HomJC0o217M8=
-29,-2,X36iUKwNtJ78nx6YR/vq9WY5r4I=,GylHng/6gL2UKt1HomJC0o217M8=
-31,-2,X36iUKwNtJ78nx6YR/vq9WY5r4I=,GylHng/6gL2UKt1HomJC0o217M8=
-32,-2,X36iUKwNtJ78nx6YR/vq9WY5r4I=,GylHng/6gL2UKt1HomJC0o217M8=
-32,-8,X36iUKwNtJ78nx6YR/vq9WY5r4I=,GylHng/6gL2UKt1HomJC0o217M8=
-31,-8,X36iUKwNtJ78nx6YR/vq9WY5r4I=,GylHng/6gL2UKt1HomJC0o217M8=
-30,-8,X36iUKwNtJ78nx6YR/vq9WY5r4I=,GylHng/6gL2UKt1HomJC0o217M8=
-29,-8,X36iUKwNtJ78nx6YR/vq9WY5r4I=,GylHng/6gL2UKt1HomJC0o217M8=
-28,-8,X36iUKwNtJ78nx6YR/vq9WY5r4I=,GylHng/6gL2UKt1HomJC0o217M8=
-27,-8,X36iUKwNtJ78nx6YR/vq9WY5r4I=,GylHng/6gL2UKt1HomJC0o217M8=
-26,-8,X36iUKwNtJ78nx6YR/vq9WY5r4I=,GylHng/6gL2UKt1HomJC0o217M8=
-25,-8,X36iUKwNtJ78nx6YR/vq9WY5r4I=,GylHng/6gL2UKt1HomJC0o217M8=
-26,-14,X36iUKwNtJ78nx6YR/vq9WY5r4I=,GylHng/6gL2UKt1HomJC0o217M8=
-22,-16,X36iUKwNtJ78nx6YR/vq9WY5r4I=,GylHng/6gL2UKt1HomJC0o217M8=
-24,-8,X36iUKwNtJ78nx6YR/vq9WY5r4I=,GylHng/6gL2UKt1HomJC0o217M8=
-23,-8,X36iUKwNtJ78nx6YR/vq9WY5r4I=,GylHng/6gL2UKt1HomJC0o217M8=
-22,-8,X36iUKwNtJ78nx6YR/vq9WY5r4I=,GylHng/6gL2UKt1HomJC0o217M8=
-21,-8,X36iUKwNtJ78nx6YR/vq9WY5r4I=,GylHng/6gL2UKt1HomJC0o217M8=
-20,-8,X36iUKwNtJ78nx6YR/vq9WY5r4I=,GylHng/6gL2UKt1HomJC0o217M8=
-19,-8,X36iUKwNtJ78nx6YR/vq9WY5r4I=,GylHng/6gL2UKt1HomJC0o217M8=
-18,-8,X36iUKwNtJ78nx6YR/vq9WY5r4I=,GylHng/6gL2UKt1HomJC0o217M8=
-17,-8,X36iUKwNtJ78nx6YR/vq9WY5r4I=,GylHng/6gL2UKt1HomJC0o217M8=
-32,-7,X36iUKwNtJ78nx6YR/vq9WY5r4I=,GylHng/6gL2UKt1HomJC0o217M8=
-31,-7,X36iUKwNtJ78nx6YR/vq9WY5r4I=,GylHng/6gL2UKt1HomJC0o217M8=
-30,-7,X36iUKwNtJ78nx6YR/vq9WY5r4I=,GylHng/6gL2UKt1HomJC0o217M8=
-29,-7,X36iUKwNtJ78nx6YR/vq9WY5r4I=,GylHng/6gL2UKt1HomJC0o217M8=
-28,-7,X36iUKwNtJ78nx6YR/vq9WY5r4I=,GylHng/6gL2UKt1HomJC0o217M8=
-27,-7,X36iUKwNtJ78nx6YR/vq9WY5r4I=,GylHng/6gL2UKt1HomJC0o217M8=
-26,-7,X36iUKwNtJ78nx6YR/vq9WY5r4I=,GylHng/6gL2UKt1HomJC0o217M8=
-25,-7,X36iUKwNtJ78nx6YR/vq9WY5r4I=,GylHng/6gL2UKt1HomJC0o217M8=
-24,-7,X36iUKwNtJ78nx6YR/vq9WY5r4I=,GylHng/6gL2UKt1HomJC0o217M8=
-25,-14,X36iUKwNtJ78nx6YR/vq9WY5r4I=,GylHng/6gL2UKt1HomJC0o217M8=
-21,-16,X36iUKwNtJ78nx6YR/vq9WY5r4I=,GylHng/6gL2UKt1HomJC0o217M8=
-23,-7,X36iUKwNtJ78nx6YR/vq9WY5r4I=,GylHng/6gL2UKt1HomJC0o217M8=
-22,-7,X36iUKwNtJ78nx6YR/vq9WY5r4I=,GylHng/6gL2UKt1HomJC0o217M8=
-21,-7,X36iUKwNtJ78nx6YR/vq9WY5r4I=,GylHng/6gL2UKt1HomJC0o217M8=
-20,-7,X36iUKwNtJ78nx6YR/vq9WY5r4I=,GylHng/6gL2UKt1HomJC0o217M8=
-19,-7,X36iUKwNtJ78nx6YR/vq9WY5r4I=,GylHng/6gL2UKt1HomJC0o217M8=
-18,-7,X36iUKwNtJ78nx6YR/vq9WY5r4I=,GylHng/6gL2UKt1HomJC0o217M8=
-18,-2,X36iUKwNtJ78nx6YR/vq9WY5r4I=,GylHng/6gL2UKt1HomJC0o217M8=
-17,-7,X36iUKwNtJ78nx6YR/vq9WY5r4I=,GylHng/6gL2UKt1HomJC0o217M8=
-32,-6,X36iUKwNtJ78nx6YR/vq9WY5r4I=,GylHng/6gL2UKt1HomJC0o217M8=
-31,-6,X36iUKwNtJ78nx6YR/vq9WY5r4I=,GylHng/6gL2UKt1HomJC0o217M8=
-30,-6,X36iUKwNtJ78nx6YR/vq9WY5r4I=,GylHng/6gL2UKt1HomJC0o217M8=
-29,-6,X36iUKwNtJ78nx6YR/vq9WY5r4I=,GylHng/6gL2UKt1HomJC0o217M8=
-28,-6,X36iUKwNtJ78nx6YR/vq9WY5r4I=,GylHng/6gL2UKt1HomJC0o217M8=
-27,-6,X36iUKwNtJ78nx6YR/vq9WY5r4I=,GylHng/6gL2UKt1HomJC0o217M8=
-26,-6,X36iUKwNtJ78nx6YR/vq9WY5r4I=,GylHng/6gL2UKt1HomJC0o217M8=
-25,-6,X36iUKwNtJ78nx6YR/vq9WY5r4I=,GylHng/6gL2UKt1HomJC0o217M8=
-24,-6,X36iUKwNtJ78nx6YR/vq9WY5r4I=,GylHng/6gL2UKt1HomJC0o217M8=
-23,-6,X36iUKwNtJ78nx6YR/vq9WY5r4I=,GylHng/6gL2UKt1HomJC0o217M8=
-24,-14,X36iUKwNtJ78nx6YR/vq9WY5r4I=,GylHng/6gL2UKt1HomJC0o217M8=
-20,-16,X36iUKwNtJ78nx6YR/vq9WY5r4I=,GylHng/6gL2UKt1HomJC0o217M8=
-22,-6,X36iUKwNtJ78nx6YR/vq9WY5r4I=,GylHng/6gL2UKt1HomJC0o217M8=
-21,-6,X36iUKwNtJ78nx6YR/vq9WY5r4I=,GylHng/6gL2UKt1HomJC0o217M8=
-20,-6,X36iUKwNtJ78nx6YR/vq9WY5r4I=,GylHng/6gL2UKt1HomJC0o217M8=
-19,-6,X36iUKwNtJ78nx6YR/vq9WY5r4I=,GylHng/6gL2UKt1HomJC0o217M8=
-17,-3,X36iUKwNtJ78nx6YR/vq9WY5r4I=,GylHng/6gL2UKt1HomJC0o217M8=
-32,-15,X36iUKwNtJ78nx6YR/vq9WY5r4I=,GylHng/6gL2UKt1HomJC0o217M8=
-18,-6,X36iUKwNtJ78nx6YR/vq9WY5r4I=,GylHng/6gL2UKt1HomJC0o217M8=
-18,-3,X36iUKwNtJ78nx6YR/vq9WY5r4I=,GylHng/6gL2UKt1HomJC0o217M8=
-19,-3,X36iUKwNtJ78nx6YR/vq9WY5r4I=,GylHng/6gL2UKt1HomJC0o217M8=
-21,-14,X36iUKwNtJ78nx6YR/vq9WY5r4I=,GylHng/6gL2UKt1HomJC0o217M8=
-20,-3,X36iUKwNtJ78nx6YR/vq9WY5r4I=,GylHng/6gL2UKt1HomJC0o217M8=
-21,-3,X36iUKwNtJ78nx6YR/vq9WY5r4I=,GylHng/6gL2UKt1HomJC0o217M8=
-22,-3,X36iUKwNtJ78nx6YR/vq9WY5r4I=,GylHng/6gL2UKt1HomJC0o217M8=
-23,-3,X36iUKwNtJ78nx6YR/vq9WY5r4I=,GylHng/6gL2UKt1HomJC0o217M8=
-24,-3,X36iUKwNtJ78nx6YR/vq9WY5r4I=,GylHng/6gL2UKt1HomJC0o217M8=
-25,-3,X36iUKwNtJ78nx6YR/vq9WY5r4I=,GylHng/6gL2UKt1HomJC0o217M8=
-26,-3,X36iUKwNtJ78nx6YR/vq9WY5r4I=,GylHng/6gL2UKt1HomJC0o217M8=
-27,-3,X36iUKwNtJ78nx6YR/vq9WY5r4I=,GylHng/6gL2UKt1HomJC0o217M8=
-28,-3,X36iUKwNtJ78nx6YR/vq9WY5r4I=,GylHng/6gL2UKt1HomJC0o217M8=
-29,-3,X36iUKwNtJ78nx6YR/vq9WY5r4I=,GylHng/6gL2UKt1HomJC0o217M8=
-30,-3,X36iUKwNtJ78nx6YR/vq9WY5r4I=,GylHng/6gL2UKt1HomJC0o217M8=
-31,-3,X36iUKwNtJ78nx6YR/vq9WY5r4I=,GylHng/6gL2UKt1HomJC0o217M8=
-32,-3,X36iUKwNtJ78nx6YR/vq9WY5r4I=,GylHng/6gL2UKt1HomJC0o217M8=
-31,-16,X36iUKwNtJ78nx6YR/vq9WY5r4I=,GylHng/6gL2UKt1HomJC0o217M8=
-17,-6,X36iUKwNtJ78nx6YR/vq9WY5r4I=,GylHng/6gL2UKt1HomJC0o217M8=
-32,-5,X36iUKwNtJ78nx6YR/vq9WY5r4I=,GylHng/6gL2UKt1HomJC0o217M8=
-31,-5,X36iUKwNtJ78nx6YR/vq9WY5r4I=,GylHng/6gL2UKt1HomJC0o217M8=
-30,-5,X36iUKwNtJ78nx6YR/vq9WY5r4I=,GylHng/6gL2UKt1HomJC0o217M8=
-29,-5,X36iUKwNtJ78nx6YR/vq9WY5r4I=,GylHng/6gL2UKt1HomJC0o217M8=
-28,-5,X36iUKwNtJ78nx6YR/vq9WY5r4I=,GylHng/6gL2UKt1HomJC0o217M8=
-27,-5,X36iUKwNtJ78nx6YR/vq9WY5r4I=,GylHng/6gL2UKt1HomJC0o217M8=
-26,-5,X36iUKwNtJ78nx6YR/vq9WY5r4I=,GylHng/6gL2UKt1HomJC0o217M8=
-25,-5,X36iUKwNtJ78nx6YR/vq9WY5r4I=,GylHng/6gL2UKt1HomJC0o217M8=
-24,-5,X36iUKwNtJ78nx6YR/vq9WY5r4I=,GylHng/6gL2UKt1HomJC0o217M8=
-23,-5,X36iUKwNtJ78nx6YR/vq9WY5r4I=,GylHng/6gL2UKt1HomJC0o217M8=
-22,-5,X36iUKwNtJ78nx6YR/vq9WY5r4I=,GylHng/6gL2UKt1HomJC0o217M8=
-23,-14,X36iUKwNtJ78nx6YR/vq9WY5r4I=,GylHng/6gL2UKt1HomJC0o217M8=
-19,-16,X36iUKwNtJ78nx6YR/vq9WY5r4I=,GylHng/6gL2UKt1HomJC0o217M8=
-21,-5,X36iUKwNtJ78nx6YR/vq9WY5r4I=,GylHng/6gL2UKt1HomJC0o217M8=
-20,-5,X36iUKwNtJ78nx6YR/vq9WY5r4I=,GylHng/6gL2UKt1HomJC0o217M8=
-17,-16,X36iUKwNtJ78nx6YR/vq9WY5r4I=,GylHng/6gL2UKt1HomJC0o217M8=
-19,-5,X36iUKwNtJ78nx6YR/vq9WY5r4I=,GylHng/6gL2UKt1HomJC0o217M8=
-18,-4,X36iUKwNtJ78nx6YR/vq9WY5r4I=,GylHng/6gL2UKt1HomJC0o217M8=
-19,-4,X36iUKwNtJ78nx6YR/vq9WY5r4I=,GylHng/6gL2UKt1HomJC0o217M8=
-18,-16,X36iUKwNtJ78nx6YR/vq9WY5r4I=,GylHng/6gL2UKt1HomJC0o217M8=
-20,-4,X36iUKwNtJ78nx6YR/vq9WY5r4I=,GylHng/6gL2UKt1HomJC0o217M8=
-22,-14,X36iUKwNtJ78nx6YR/vq9WY5r4I=,GylHng/6gL2UKt1HomJC0o217M8=
-21,-4,X36iUKwNtJ78nx6YR/vq9WY5r4I=,GylHng/6gL2UKt1HomJC0o217M8=
-22,-4,X36iUKwNtJ78nx6YR/vq9WY5r4I=,GylHng/6gL2UKt1HomJC0o217M8=
-23,-4,X36iUKwNtJ78nx6YR/vq9WY5r4I=,GylHng/6gL2UKt1HomJC0o217M8=
-24,-4,X36iUKwNtJ78nx6YR/vq9WY5r4I=,GylHng/6gL2UKt1HomJC0o217M8=
-25,-4,X36iUKwNtJ78nx6YR/vq9WY5r4I=,GylHng/6gL2UKt1HomJC0o217M8=
-17,-4,X36iUKwNtJ78nx6YR/vq9WY5r4I=,GylHng/6gL2UKt1HomJC0o217M8=
-27,-4,X36iUKwNtJ78nx6YR/vq9WY5r4I=,GylHng/6gL2UKt1HomJC0o217M8=
-28,-4,X36iUKwNtJ78nx6YR/vq9WY5r4I=,GylHng/6gL2UKt1HomJC0o217M8=
-29,-4,X36iUKwNtJ78nx6YR/vq9WY5r4I=,GylHng/6gL2UKt1HomJC0o217M8=
-30,-4,X36iUKwNtJ78nx6YR/vq9WY5r4I=,GylHng/6gL2UKt1HomJC0o217M8=
-31,-4,X36iUKwNtJ78nx6YR/vq9WY5r4I=,GylHng/6gL2UKt1HomJC0o217M8=
-32,-4,X36iUKwNtJ78nx6YR/vq9WY5r4I=,GylHng/6gL2UKt1HomJC0o217M8=
-18,-5,X36iUKwNtJ78nx6YR/vq9WY5r4I=,GylHng/6gL2UKt1HomJC0o217M8=
-26,-4,X36iUKwNtJ78nx6YR/vq9WY5r4I=,GylHng/6gL2UKt1HomJC0o217M8=
-17,-5,X36iUKwNtJ78nx6YR/vq9WY5r4I=,GylHng/6gL2UKt1HomJC0o217M8=
