-26,2,mYtYj5Y/bksLzt/f2R7mLGTTySs=,c7vNCrp3YmztYEI8bjvYVWb29o8=
-31,1,mYtYj5Y/bksLzt/f2R7mLGTTySs=,c7vNCrp3YmztYEI8bjvYVWb29o8=
-26,1,mYtYj5Y/bksLzt/f2R7mLGTTySs=,c7vNCrp3YmztYEI8bjvYVWb29o8=
-27,1,mYtYj5Y/bksLzt/f2R7mLGTTySs=,c7vNCrp3YmztYEI8bjvYVWb29o8=
-28,1,mYtYj5Y/bksLzt/f2R7mLGTTySs=,c7vNCrp3YmztYEI8bjvYVWb29o8=
-25,3,mYtYj5Y/bksLzt/f2R7mLGTTySs=,c7vNCrp3YmztYEI8bjvYVWb29o8=
-25,2,mYtYj5Y/bksLzt/f2R7mLGTTySs=,c7vNCrp3YmztYEI8bjvYVWb29o8=
-23,4,mYtYj5Y/bksLzt/f2R7mLGTTySs=,Aaj/vLG3TeP/xjRpuuNGlykevUc=
-22,4,mYtYj5Y/bksLzt/f2R7mLGTTySs=,Aaj/vLG3TeP/xjRpuuNGlykevUc=
-21,4,mYtYj5Y/bksLzt/f2R7mLGTTySs=,Aaj/vLG3TeP/xjRpuuNGlykevUc=
-20,4,mYtYj5Y/bksLzt/f2R7mLGTTySs=,Aaj/vLG3TeP/xjRpuuNGlykevUc=
-19,4,mYtYj5Y/bksLzt/f2R7mLGTTySs=,Aaj/vLG3TeP/xjRpuuNGlykevUc=
-18,4,mYtYj5Y/bksLzt/f2R7mLGTTySs=,Aaj/vLG3TeP/xjRpuuNGlykevUc=
-19,3,mYtYj5Y/bksLzt/f2R7mLGTTySs=,Aaj/vLG3TeP/xjRpuuNGlykevUc=
-18,3,mYtYj5Y/bksLzt/f2R7mLGTTySs=,Aaj/vLG3TeP/xjRpuuNGlykevUc=
-20,3,mYtYj5Y/bksLzt/f2R7mLGTTySs=,Aaj/vLG3TeP/xjRpuuNGlykevUc=
-24,4,mYtYj5Y/bksLzt/f2R7mLGTTySs=,Aaj/vLG3TeP/xjRpuuNGlykevUc=
-25,4,mYtYj5Y/bksLzt/f2R7mLGTTySs=,c7vNCrp3YmztYEI8bjvYVWb29o8=
-22,5,mYtYj5Y/bksLzt/f2R7mLGTTySs=,Aaj/vLG3TeP/xjRpuuNGlykevUc=
-24,1,mYtYj5Y/bksLzt/f2R7mLGTTySs=,Aaj/vLG3TeP/xjRpuuNGlykevUc=
-21,5,mYtYj5Y/bksLzt/f2R7mLGTTySs=,Aaj/vLG3TeP/xjRpuuNGlykevUc=
-20,5,mYtYj5Y/bksLzt/f2R7mLGTTySs=,Aaj/vLG3TeP/xjRpuuNGlykevUc=
-23,1,mYtYj5Y/bksLzt/f2R7mLGTTySs=,Aaj/vLG3TeP/xjRpuuNGlykevUc=
-19,5,mYtYj5Y/bksLzt/f2R7mLGTTySs=,Aaj/vLG3TeP/xjRpuuNGlykevUc=
-22,1,mYtYj5Y/bksLzt/f2R7mLGTTySs=,Aaj/vLG3TeP/xjRpuuNGlykevUc=
-25,5,mYtYj5Y/bksLzt/f2R7mLGTTySs=,c7vNCrp3YmztYEI8bjvYVWb29o8=
-21,1,mYtYj5Y/bksLzt/f2R7mLGTTySs=,Aaj/vLG3TeP/xjRpuuNGlykevUc=
-19,1,mYtYj5Y/bksLzt/f2R7mLGTTySs=,Aaj/vLG3TeP/xjRpuuNGlykevUc=
-20,1,mYtYj5Y/bksLzt/f2R7mLGTTySs=,Aaj/vLG3TeP/xjRpuuNGlykevUc=
-18,5,mYtYj5Y/bksLzt/f2R7mLGTTySs=,Aaj/vLG3TeP/xjRpuuNGlykevUc=
-24,6,mYtYj5Y/bksLzt/f2R7mLGTTySs=,Aaj/vLG3TeP/xjRpuuNGlykevUc=
-18,1,mYtYj5Y/bksLzt/f2R7mLGTTySs=,Aaj/vLG3TeP/xjRpuuNGlykevUc=
-24,2,mYtYj5Y/bksLzt/f2R7mLGTTySs=,Aaj/vLG3TeP/xjRpuuNGlykevUc=
-23,6,mYtYj5Y/bksLzt/f2R7mLGTTySs=,Aaj/vLG3TeP/xjRpuuNGlykevUc=
-22,6,mYtYj5Y/bksLzt/f2R7mLGTTySs=,Aaj/vLG3TeP/xjRpuuNGlykevUc=
-21,6,mYtYj5Y/bksLzt/f2R7mLGTTySs=,Aaj/vLG3TeP/xjRpuuNGlykevUc=
-23,2,mYtYj5Y/bksLzt/f2R7mLGTTySs=,Aaj/vLG3TeP/xjRpuuNGlykevUc=
-20,6,mYtYj5Y/bksLzt/f2R7mLGTTySs=,Aaj/vLG3TeP/xjRpuuNGlykevUc=
-19,6,mYtYj5Y/bksLzt/f2R7mLGTTySs=,Aaj/vLG3TeP/xjRpuuNGlykevUc=
-18,6,mYtYj5Y/bksLzt/f2R7mLGTTySs=,Aaj/vLG3TeP/xjRpuuNGlykevUc=
-22,2,mYtYj5Y/bksLzt/f2R7mLGTTySs=,Aaj/vLG3TeP/xjRpuuNGlykevUc=
-25,6,mYtYj5Y/bksLzt/f2R7mLGTTySs=,c7vNCrp3YmztYEI8bjvYVWb29o8=
-21,2,mYtYj5Y/bksLzt/f2R7mLGTTySs=,Aaj/vLG3TeP/xjRpuuNGlykevUc=
-20,2,mYtYj5Y/bksLzt/f2R7mLGTTySs=,Aaj/vLG3TeP/xjRpuuNGlykevUc=
-19,2,mYtYj5Y/bksLzt/f2R7mLGTTySs=,Aaj/vLG3TeP/xjRpuuNGlykevUc=
-18,2,mYtYj5Y/bksLzt/f2R7mLGTTySs=,Aaj/vLG3TeP/xjRpuuNGlykevUc=
-24,3,mYtYj5Y/bksLzt/f2R7mLGTTySs=,Aaj/vLG3TeP/xjRpuuNGlykevUc=
-25,1,mYtYj5Y/bksLzt/f2R7mLGTTySs=,c7vNCrp3YmztYEI8bjvYVWb29o8=
-22,3,mYtYj5Y/bksLzt/f2R7mLGTTySs=,Aaj/vLG3TeP/xjRpuuNGlykevUc=
-23,3,mYtYj5Y/bksLzt/f2R7mLGTTySs=,Aaj/vLG3TeP/xjRpuuNGlykevUc=
-21,3,mYtYj5Y/bksLzt/f2R7mLGTTySs=,Aaj/vLG3TeP/xjRpuuNGlykevUc=
-26,6,mYtYj5Y/bksLzt/f2R7mLGTTySs=,c7vNCrp3YmztYEI8bjvYVWb29o8=
-29,1,mYtYj5Y/bksLzt/f2R7mLGTTySs=,c7vNCrp3YmztYEI8bjvYVWb29o8=
-27,6,mYtYj5Y/bksLzt/f2R7mLGTTySs=,c7vNCrp3YmztYEI8bjvYVWb29o8=
-27,2,mYtYj5Y/bksLzt/f2R7mLGTTySs=,c7vNCrp3YmztYEI8bjvYVWb29o8=
-30,1,mYtYj5Y/bksLzt/f2R7mLGTTySs=,c7vNCrp3YmztYEI8bjvYVWb29o8=
-28,6,mYtYj5Y/bksLzt/f2R7mLGTTySs=,c7vNCrp3YmztYEI8bjvYVWb29o8=
-29,6,mYtYj5Y/bksLzt/f2R7mLGTTySs=,c7vNCrp3YmztYEI8bjvYVWb29o8=
-30,6,mYtYj5Y/bksLzt/f2R7mLGTTySs=,c7vNCrp3YmztYEI8bjvYVWb29o8=
-28,2,mYtYj5Y/bksLzt/f2R7mLGTTySs=,c7vNCrp3YmztYEI8bjvYVWb29o8=
-31,6,mYtYj5Y/bksLzt/f2R7mLGTTySs=,c7vNCrp3YmztYEI8bjvYVWb29o8=
-26,5,mYtYj5Y/bksLzt/f2R7mLGTTySs=,c7vNCrp3YmztYEI8bjvYVWb29o8=
-27,5,mYtYj5Y/bksLzt/f2R7mLGTTySs=,c7vNCrp3YmztYEI8bjvYVWb29o8=
-28,5,mYtYj5Y/bksLzt/f2R7mLGTTySs=,c7vNCrp3YmztYEI8bjvYVWb29o8=
-29,5,mYtYj5Y/bksLzt/f2R7mLGTTySs=,c7vNCrp3YmztYEI8bjvYVWb29o8=
-30,5,mYtYj5Y/bksLzt/f2R7mLGTTySs=,c7vNCrp3YmztYEI8bjvYVWb29o8=
-31,5,mYtYj5Y/bksLzt/f2R7mLGTTySs=,c7vNCrp3YmztYEI8bjvYVWb29o8=
-29,2,mYtYj5Y/bksLzt/f2R7mLGTTySs=,c7vNCrp3YmztYEI8bjvYVWb29o8=
-23,5,mYtYj5Y/bksLzt/f2R7mLGTTySs=,Aaj/vLG3TeP/xjRpuuNGlykevUc=
-24,5,mYtYj5Y/bksLzt/f2R7mLGTTySs=,Aaj/vLG3TeP/xjRpuuNGlykevUc=
-26,4,mYtYj5Y/bksLzt/f2R7mLGTTySs=,c7vNCrp3YmztYEI8bjvYVWb29o8=
-30,2,mYtYj5Y/bksLzt/f2R7mLGTTySs=,c7vNCrp3YmztYEI8bjvYVWb29o8=
-27,4,mYtYj5Y/bksLzt/f2R7mLGTTySs=,c7vNCrp3YmztYEI8bjvYVWb29o8=
-28,4,mYtYj5Y/bksLzt/f2R7mLGTTySs=,c7vNCrp3YmztYEI8bjvYVWb29o8=
-29,4,mYtYj5Y/bksLzt/f2R7mLGTTySs=,c7vNCrp3YmztYEI8bjvYVWb29o8=
-30,4,Ul295QDE9DistbaevmgB4SSewRs=,c7vNCrp3YmztYEI8bjvYVWb29o8=
-31,2,Ul295QDE9DistbaevmgB4SSewRs=,c7vNCrp3YmztYEI8bjvYVWb29o8=
-31,4,Ul295QDE9DistbaevmgB4SSewRs=,c7vNCrp3YmztYEI8bjvYVWb29o8=
-26,3,Ul295QDE9DistbaevmgB4SSewRs=,c7vNCrp3YmztYEI8bjvYVWb29o8=
-27,3,Ul295QDE9DistbaevmgB4SSewRs=,c7vNCrp3YmztYEI8bjvYVWb29o8=
-28,3,Ul295QDE9DistbaevmgB4SSewRs=,c7vNCrp3YmztYEI8bjvYVWb29o8=
-29,3,Ul295QDE9DistbaevmgB4SSewRs=,c7vNCrp3YmztYEI8bjvYVWb29o8=
-30,3,Ul295QDE9DistbaevmgB4SSewRs=,c7vNCrp3YmztYEI8bjvYVWb29o8=
-31,3,Ul295QDE9DistbaevmgB4SSewRs=,c7vNCrp3YmztYEI8bjvYVWb29o8=
-28,11,9o5pEaTry7X1l5NzV/uB7lPnjIM=,k7qDgDV8C2Lv13Y4xa+wnHeZvwg=
-27,11,9o5pEaTry7X1l5NzV/uB7lPnjIM=,k7qDgDV8C2Lv13Y4xa+wnHeZvwg=
-26,11,9o5pEaTry7X1l5NzV/uB7lPnjIM=,k7qDgDV8C2Lv13Y4xa+wnHeZvwg=
-31,12,9o5pEaTry7X1l5NzV/uB7lPnjIM=,k7qDgDV8C2Lv13Y4xa+wnHeZvwg=
-30,12,9o5pEaTry7X1l5NzV/uB7lPnjIM=,k7qDgDV8C2Lv13Y4xa+wnHeZvwg=
-29,12,9o5pEaTry7X1l5NzV/uB7lPnjIM=,k7qDgDV8C2Lv13Y4xa+wnHeZvwg=
-28,12,9o5pEaTry7X1l5NzV/uB7lPnjIM=,k7qDgDV8C2Lv13Y4xa+wnHeZvwg=
-27,12,9o5pEaTry7X1l5NzV/uB7lPnjIM=,k7qDgDV8C2Lv13Y4xa+wnHeZvwg=
-26,12,9o5pEaTry7X1l5NzV/uB7lPnjIM=,k7qDgDV8C2Lv13Y4xa+wnHeZvwg=
-31,13,9o5pEaTry7X1l5NzV/uB7lPnjIM=,k7qDgDV8C2Lv13Y4xa+wnHeZvwg=
-30,13,9o5pEaTry7X1l5NzV/uB7lPnjIM=,k7qDgDV8C2Lv13Y4xa+wnHeZvwg=
-29,13,9o5pEaTry7X1l5NzV/uB7lPnjIM=,k7qDgDV8C2Lv13Y4xa+wnHeZvwg=
-31,8,9o5pEaTry7X1l5NzV/uB7lPnjIM=,k7qDgDV8C2Lv13Y4xa+wnHeZvwg=
-29,8,9o5pEaTry7X1l5NzV/uB7lPnjIM=,k7qDgDV8C2Lv13Y4xa+wnHeZvwg=
-30,8,9o5pEaTry7X1l5NzV/uB7lPnjIM=,k7qDgDV8C2Lv13Y4xa+wnHeZvwg=
-28,8,9o5pEaTry7X1l5NzV/uB7lPnjIM=,k7qDgDV8C2Lv13Y4xa+wnHeZvwg=
-28,13,9o5pEaTry7X1l5NzV/uB7lPnjIM=,k7qDgDV8C2Lv13Y4xa+wnHeZvwg=
-26,13,9o5pEaTry7X1l5NzV/uB7lPnjIM=,k7qDgDV8C2Lv13Y4xa+wnHeZvwg=
-27,13,9o5pEaTry7X1l5NzV/uB7lPnjIM=,k7qDgDV8C2Lv13Y4xa+wnHeZvwg=
-27,8,9o5pEaTry7X1l5NzV/uB7lPnjIM=,k7qDgDV8C2Lv13Y4xa+wnHeZvwg=
-31,14,9o5pEaTry7X1l5NzV/uB7lPnjIM=,k7qDgDV8C2Lv13Y4xa+wnHeZvwg=
-26,8,9o5pEaTry7X1l5NzV/uB7lPnjIM=,k7qDgDV8C2Lv13Y4xa+wnHeZvwg=
-30,14,9o5pEaTry7X1l5NzV/uB7lPnjIM=,k7qDgDV8C2Lv13Y4xa+wnHeZvwg=
-29,14,9o5pEaTry7X1l5NzV/uB7lPnjIM=,k7qDgDV8C2Lv13Y4xa+wnHeZvwg=
-31,9,9o5pEaTry7X1l5NzV/uB7lPnjIM=,k7qDgDV8C2Lv13Y4xa+wnHeZvwg=
-30,9,9o5pEaTry7X1l5NzV/uB7lPnjIM=,k7qDgDV8C2Lv13Y4xa+wnHeZvwg=
-28,14,9o5pEaTry7X1l5NzV/uB7lPnjIM=,k7qDgDV8C2Lv13Y4xa+wnHeZvwg=
-28,9,9o5pEaTry7X1l5NzV/uB7lPnjIM=,k7qDgDV8C2Lv13Y4xa+wnHeZvwg=
-29,9,9o5pEaTry7X1l5NzV/uB7lPnjIM=,k7qDgDV8C2Lv13Y4xa+wnHeZvwg=
-27,9,9o5pEaTry7X1l5NzV/uB7lPnjIM=,k7qDgDV8C2Lv13Y4xa+wnHeZvwg=
-26,9,9o5pEaTry7X1l5NzV/uB7lPnjIM=,k7qDgDV8C2Lv13Y4xa+wnHeZvwg=
-27,14,9o5pEaTry7X1l5NzV/uB7lPnjIM=,k7qDgDV8C2Lv13Y4xa+wnHeZvwg=
-31,10,9o5pEaTry7X1l5NzV/uB7lPnjIM=,k7qDgDV8C2Lv13Y4xa+wnHeZvwg=
-26,14,9o5pEaTry7X1l5NzV/uB7lPnjIM=,k7qDgDV8C2Lv13Y4xa+wnHeZvwg=
-30,10,9o5pEaTry7X1l5NzV/uB7lPnjIM=,k7qDgDV8C2Lv13Y4xa+wnHeZvwg=
-27,10,9o5pEaTry7X1l5NzV/uB7lPnjIM=,k7qDgDV8C2Lv13Y4xa+wnHeZvwg=
-29,10,9o5pEaTry7X1l5NzV/uB7lPnjIM=,k7qDgDV8C2Lv13Y4xa+wnHeZvwg=
-28,10,9o5pEaTry7X1l5NzV/uB7lPnjIM=,k7qDgDV8C2Lv13Y4xa+wnHeZvwg=
-26,10,9o5pEaTry7X1l5NzV/uB7lPnjIM=,k7qDgDV8C2Lv13Y4xa+wnHeZvwg=
-31,7,Ul295QDE9DistbaevmgB4SSewRs=,c7vNCrp3YmztYEI8bjvYVWb29o8=
-31,11,9o5pEaTry7X1l5NzV/uB7lPnjIM=,k7qDgDV8C2Lv13Y4xa+wnHeZvwg=
-30,11,9o5pEaTry7X1l5NzV/uB7lPnjIM=,k7qDgDV8C2Lv13Y4xa+wnHeZvwg=
-30,7,Ul295QDE9DistbaevmgB4SSewRs=,c7vNCrp3YmztYEI8bjvYVWb29o8=
-29,11,9o5pEaTry7X1l5NzV/uB7lPnjIM=,k7qDgDV8C2Lv13Y4xa+wnHeZvwg=
-29,7,Ul295QDE9DistbaevmgB4SSewRs=,c7vNCrp3YmztYEI8bjvYVWb29o8=
-27,7,Ul295QDE9DistbaevmgB4SSewRs=,c7vNCrp3YmztYEI8bjvYVWb29o8=
-28,7,Ul295QDE9DistbaevmgB4SSewRs=,c7vNCrp3YmztYEI8bjvYVWb29o8=
-26,7,Ul295QDE9DistbaevmgB4SSewRs=,c7vNCrp3YmztYEI8bjvYVWb29o8=
-25,7,Ul295QDE9DistbaevmgB4SSewRs=,c7vNCrp3YmztYEI8bjvYVWb29o8=
-22,13,9o5pEaTry7X1l5NzV/uB7lPnjIM=,ulD8GVR74ctc8CvDm+Kz00szH9o=
-24,13,9o5pEaTry7X1l5NzV/uB7lPnjIM=,ulD8GVR74ctc8CvDm+Kz00szH9o=
-18,12,9o5pEaTry7X1l5NzV/uB7lPnjIM=,ulD8GVR74ctc8CvDm+Kz00szH9o=
-23,13,9o5pEaTry7X1l5NzV/uB7lPnjIM=,ulD8GVR74ctc8CvDm+Kz00szH9o=
-18,7,Ul295QDE9DistbaevmgB4SSewRs=,Aaj/vLG3TeP/xjRpuuNGlykevUc=
-19,7,Ul295QDE9DistbaevmgB4SSewRs=,Aaj/vLG3TeP/xjRpuuNGlykevUc=
-20,7,Ul295QDE9DistbaevmgB4SSewRs=,Aaj/vLG3TeP/xjRpuuNGlykevUc=
-21,7,Ul295QDE9DistbaevmgB4SSewRs=,Aaj/vLG3TeP/xjRpuuNGlykevUc=
-22,7,Ul295QDE9DistbaevmgB4SSewRs=,Aaj/vLG3TeP/xjRpuuNGlykevUc=
-20,12,9o5pEaTry7X1l5NzV/uB7lPnjIM=,ulD8GVR74ctc8CvDm+Kz00szH9o=
-21,12,9o5pEaTry7X1l5NzV/uB7lPnjIM=,ulD8GVR74ctc8CvDm+Kz00szH9o=
-22,12,9o5pEaTry7X1l5NzV/uB7lPnjIM=,ulD8GVR74ctc8CvDm+Kz00szH9o=
-25,10,9o5pEaTry7X1l5NzV/uB7lPnjIM=,k7qDgDV8C2Lv13Y4xa+wnHeZvwg=
-24,12,9o5pEaTry7X1l5NzV/uB7lPnjIM=,ulD8GVR74ctc8CvDm+Kz00szH9o=
-23,12,9o5pEaTry7X1l5NzV/uB7lPnjIM=,ulD8GVR74ctc8CvDm+Kz00szH9o=
-23,7,Ul295QDE9DistbaevmgB4SSewRs=,Aaj/vLG3TeP/xjRpuuNGlykevUc=
-19,11,9o5pEaTry7X1l5NzV/uB7lPnjIM=,ulD8GVR74ctc8CvDm+Kz00szH9o=
-24,7,Ul295QDE9DistbaevmgB4SSewRs=,Aaj/vLG3TeP/xjRpuuNGlykevUc=
-18,11,9o5pEaTry7X1l5NzV/uB7lPnjIM=,ulD8GVR74ctc8CvDm+Kz00szH9o=
-20,11,9o5pEaTry7X1l5NzV/uB7lPnjIM=,ulD8GVR74ctc8CvDm+Kz00szH9o=
-25,14,9o5pEaTry7X1l5NzV/uB7lPnjIM=,k7qDgDV8C2Lv13Y4xa+wnHeZvwg=
-25,9,9o5pEaTry7X1l5NzV/uB7lPnjIM=,k7qDgDV8C2Lv13Y4xa+wnHeZvwg=
-25,8,9o5pEaTry7X1l5NzV/uB7lPnjIM=,k7qDgDV8C2Lv13Y4xa+wnHeZvwg=
-21,11,9o5pEaTry7X1l5NzV/uB7lPnjIM=,ulD8GVR74ctc8CvDm+Kz00szH9o=
-25,13,9o5pEaTry7X1l5NzV/uB7lPnjIM=,k7qDgDV8C2Lv13Y4xa+wnHeZvwg=
-18,10,9o5pEaTry7X1l5NzV/uB7lPnjIM=,ulD8GVR74ctc8CvDm+Kz00szH9o=
-19,10,9o5pEaTry7X1l5NzV/uB7lPnjIM=,ulD8GVR74ctc8CvDm+Kz00szH9o=
-20,10,9o5pEaTry7X1l5NzV/uB7lPnjIM=,ulD8GVR74ctc8CvDm+Kz00szH9o=
-20,13,9o5pEaTry7X1l5NzV/uB7lPnjIM=,ulD8GVR74ctc8CvDm+Kz00szH9o=
-22,11,9o5pEaTry7X1l5NzV/uB7lPnjIM=,ulD8GVR74ctc8CvDm+Kz00szH9o=
-21,10,9o5pEaTry7X1l5NzV/uB7lPnjIM=,ulD8GVR74ctc8CvDm+Kz00szH9o=
-22,10,9o5pEaTry7X1l5NzV/uB7lPnjIM=,ulD8GVR74ctc8CvDm+Kz00szH9o=
-24,11,9o5pEaTry7X1l5NzV/uB7lPnjIM=,ulD8GVR74ctc8CvDm+Kz00szH9o=
-19,13,9o5pEaTry7X1l5NzV/uB7lPnjIM=,ulD8GVR74ctc8CvDm+Kz00szH9o=
-23,10,9o5pEaTry7X1l5NzV/uB7lPnjIM=,ulD8GVR74ctc8CvDm+Kz00szH9o=
-18,9,9o5pEaTry7X1l5NzV/uB7lPnjIM=,ulD8GVR74ctc8CvDm+Kz00szH9o=
-19,9,9o5pEaTry7X1l5NzV/uB7lPnjIM=,ulD8GVR74ctc8CvDm+Kz00szH9o=
-21,9,9o5pEaTry7X1l5NzV/uB7lPnjIM=,ulD8GVR74ctc8CvDm+Kz00szH9o=
-20,9,9o5pEaTry7X1l5NzV/uB7lPnjIM=,ulD8GVR74ctc8CvDm+Kz00szH9o=
-19,12,9o5pEaTry7X1l5NzV/uB7lPnjIM=,ulD8GVR74ctc8CvDm+Kz00szH9o=
-23,9,9o5pEaTry7X1l5NzV/uB7lPnjIM=,ulD8GVR74ctc8CvDm+Kz00szH9o=
-24,9,9o5pEaTry7X1l5NzV/uB7lPnjIM=,ulD8GVR74ctc8CvDm+Kz00szH9o=
-18,8,9o5pEaTry7X1l5NzV/uB7lPnjIM=,ulD8GVR74ctc8CvDm+Kz00szH9o=
-19,8,9o5pEaTry7X1l5NzV/uB7lPnjIM=,ulD8GVR74ctc8CvDm+Kz00szH9o=
-22,9,9o5pEaTry7X1l5NzV/uB7lPnjIM=,ulD8GVR74ctc8CvDm+Kz00szH9o=
-20,8,9o5pEaTry7X1l5NzV/uB7lPnjIM=,ulD8GVR74ctc8CvDm+Kz00szH9o=
-21,8,9o5pEaTry7X1l5NzV/uB7lPnjIM=,ulD8GVR74ctc8CvDm+Kz00szH9o=
-22,8,9o5pEaTry7X1l5NzV/uB7lPnjIM=,ulD8GVR74ctc8CvDm+Kz00szH9o=
-18,14,9o5pEaTry7X1l5NzV/uB7lPnjIM=,ulD8GVR74ctc8CvDm+Kz00szH9o=
-23,8,9o5pEaTry7X1l5NzV/uB7lPnjIM=,ulD8GVR74ctc8CvDm+Kz00szH9o=
-19,14,9o5pEaTry7X1l5NzV/uB7lPnjIM=,ulD8GVR74ctc8CvDm+Kz00szH9o=
-20,14,9o5pEaTry7X1l5NzV/uB7lPnjIM=,ulD8GVR74ctc8CvDm+Kz00szH9o=
-25,12,9o5pEaTry7X1l5NzV/uB7lPnjIM=,k7qDgDV8C2Lv13Y4xa+wnHeZvwg=
-24,8,9o5pEaTry7X1l5NzV/uB7lPnjIM=,ulD8GVR74ctc8CvDm+Kz00szH9o=
-22,14,9o5pEaTry7X1l5NzV/uB7lPnjIM=,ulD8GVR74ctc8CvDm+Kz00szH9o=
-21,14,9o5pEaTry7X1l5NzV/uB7lPnjIM=,ulD8GVR74ctc8CvDm+Kz00szH9o=
-24,14,9o5pEaTry7X1l5NzV/uB7lPnjIM=,ulD8GVR74ctc8CvDm+Kz00szH9o=
-18,13,9o5pEaTry7X1l5NzV/uB7lPnjIM=,ulD8GVR74ctc8CvDm+Kz00szH9o=
-25,11,9o5pEaTry7X1l5NzV/uB7lPnjIM=,k7qDgDV8C2Lv13Y4xa+wnHeZvwg=
-23,11,9o5pEaTry7X1l5NzV/uB7lPnjIM=,ulD8GVR74ctc8CvDm+Kz00szH9o=
-23,14,9o5pEaTry7X1l5NzV/uB7lPnjIM=,ulD8GVR74ctc8CvDm+Kz00szH9o=
-21,13,9o5pEaTry7X1l5NzV/uB7lPnjIM=,ulD8GVR74ctc8CvDm+Kz00szH9o=
-24,10,9o5pEaTry7X1l5NzV/uB7lPnjIM=,ulD8GVR74ctc8CvDm+Kz00szH9o=
-31,15,9o5pEaTry7X1l5NzV/uB7lPnjIM=,k7qDgDV8C2Lv13Y4xa+wnHeZvwg=
-27,15,9o5pEaTry7X1l5NzV/uB7lPnjIM=,k7qDgDV8C2Lv13Y4xa+wnHeZvwg=
-28,15,9o5pEaTry7X1l5NzV/uB7lPnjIM=,k7qDgDV8C2Lv13Y4xa+wnHeZvwg=
-29,15,9o5pEaTry7X1l5NzV/uB7lPnjIM=,k7qDgDV8C2Lv13Y4xa+wnHeZvwg=
-26,15,9o5pEaTry7X1l5NzV/uB7lPnjIM=,k7qDgDV8C2Lv13Y4xa+wnHeZvwg=
-30,15,9o5pEaTry7X1l5NzV/uB7lPnjIM=,k7qDgDV8C2Lv13Y4xa+wnHeZvwg=
-24,15,9o5pEaTry7X1l5NzV/uB7lPnjIM=,ulD8GVR74ctc8CvDm+Kz00szH9o=
-23,15,9o5pEaTry7X1l5NzV/uB7lPnjIM=,ulD8GVR74ctc8CvDm+Kz00szH9o=
-22,15,9o5pEaTry7X1l5NzV/uB7lPnjIM=,ulD8GVR74ctc8CvDm+Kz00szH9o=
-20,15,9o5pEaTry7X1l5NzV/uB7lPnjIM=,ulD8GVR74ctc8CvDm+Kz00szH9o=
-21,15,9o5pEaTry7X1l5NzV/uB7lPnjIM=,ulD8GVR74ctc8CvDm+Kz00szH9o=
-18,15,9o5pEaTry7X1l5NzV/uB7lPnjIM=,ulD8GVR74ctc8CvDm+Kz00szH9o=
-19,15,9o5pEaTry7X1l5NzV/uB7lPnjIM=,ulD8GVR74ctc8CvDm+Kz00szH9o=
-25,15,9o5pEaTry7X1l5NzV/uB7lPnjIM=,k7qDgDV8C2Lv13Y4xa+wnHeZvwg=
-27,0,Ul295QDE9DistbaevmgB4SSewRs=,c7vNCrp3YmztYEI8bjvYVWb29o8=
-28,0,Ul295QDE9DistbaevmgB4SSewRs=,c7vNCrp3YmztYEI8bjvYVWb29o8=
-26,0,Ul295QDE9DistbaevmgB4SSewRs=,c7vNCrp3YmztYEI8bjvYVWb29o8=
-31,0,Ul295QDE9DistbaevmgB4SSewRs=,c7vNCrp3YmztYEI8bjvYVWb29o8=
-30,0,Ul295QDE9DistbaevmgB4SSewRs=,c7vNCrp3YmztYEI8bjvYVWb29o8=
-29,0,Ul295QDE9DistbaevmgB4SSewRs=,c7vNCrp3YmztYEI8bjvYVWb29o8=
-17,3,Ul295QDE9DistbaevmgB4SSewRs=,Aaj/vLG3TeP/xjRpuuNGlykevUc=
-17,2,Ul295QDE9DistbaevmgB4SSewRs=,Aaj/vLG3TeP/xjRpuuNGlykevUc=
-17,6,Ul295QDE9DistbaevmgB4SSewRs=,Aaj/vLG3TeP/xjRpuuNGlykevUc=
-17,4,Ul295QDE9DistbaevmgB4SSewRs=,Aaj/vLG3TeP/xjRpuuNGlykevUc=
-17,1,Ul295QDE9DistbaevmgB4SSewRs=,Aaj/vLG3TeP/xjRpuuNGlykevUc=
-17,5,Ul295QDE9DistbaevmgB4SSewRs=,Aaj/vLG3TeP/xjRpuuNGlykevUc=
-17,7,Ul295QDE9DistbaevmgB4SSewRs=,Aaj/vLG3TeP/xjRpuuNGlykevUc=
-17,13,9o5pEaTry7X1l5NzV/uB7lPnjIM=,ulD8GVR74ctc8CvDm+Kz00szH9o=
-17,14,9o5pEaTry7X1l5NzV/uB7lPnjIM=,ulD8GVR74ctc8CvDm+Kz00szH9o=
-17,9,9o5pEaTry7X1l5NzV/uB7lPnjIM=,ulD8GVR74ctc8CvDm+Kz00szH9o=
-17,8,9o5pEaTry7X1l5NzV/uB7lPnjIM=,ulD8GVR74ctc8CvDm+Kz00szH9o=
-17,10,9o5pEaTry7X1l5NzV/uB7lPnjIM=,ulD8GVR74ctc8CvDm+Kz00szH9o=
-17,12,9o5pEaTry7X1l5NzV/uB7lPnjIM=,ulD8GVR74ctc8CvDm+Kz00szH9o=
-17,11,9o5pEaTry7X1l5NzV/uB7lPnjIM=,ulD8GVR74ctc8CvDm+Kz00szH9o=
-17,15,9o5pEaTry7X1l5NzV/uB7lPnjIM=,ulD8GVR74ctc8CvDm+Kz00szH9o=
-32,10,9o5pEaTry7X1l5NzV/uB7lPnjIM=,k7qDgDV8C2Lv13Y4xa+wnHeZvwg=
-32,11,9o5pEaTry7X1l5NzV/uB7lPnjIM=,k7qDgDV8C2Lv13Y4xa+wnHeZvwg=
-32,14,9o5pEaTry7X1l5NzV/uB7lPnjIM=,k7qDgDV8C2Lv13Y4xa+wnHeZvwg=
-32,12,9o5pEaTry7X1l5NzV/uB7lPnjIM=,k7qDgDV8C2Lv13Y4xa+wnHeZvwg=
-32,9,9o5pEaTry7X1l5NzV/uB7lPnjIM=,k7qDgDV8C2Lv13Y4xa+wnHeZvwg=
-32,13,9o5pEaTry7X1l5NzV/uB7lPnjIM=,k7qDgDV8C2Lv13Y4xa+wnHeZvwg=
-32,3,Ul295QDE9DistbaevmgB4SSewRs=,c7vNCrp3YmztYEI8bjvYVWb29o8=
-32,7,Ul295QDE9DistbaevmgB4SSewRs=,c7vNCrp3YmztYEI8bjvYVWb29o8=
-32,8,9o5pEaTry7X1l5NzV/uB7lPnjIM=,k7qDgDV8C2Lv13Y4xa+wnHeZvwg=
-32,1,Ul295QDE9DistbaevmgB4SSewRs=,c7vNCrp3YmztYEI8bjvYVWb29o8=
-32,2,Ul295QDE9DistbaevmgB4SSewRs=,c7vNCrp3YmztYEI8bjvYVWb29o8=
-32,4,Ul295QDE9DistbaevmgB4SSewRs=,c7vNCrp3YmztYEI8bjvYVWb29o8=
-32,6,Ul295QDE9DistbaevmgB4SSewRs=,c7vNCrp3YmztYEI8bjvYVWb29o8=
-32,5,Ul295QDE9DistbaevmgB4SSewRs=,c7vNCrp3YmztYEI8bjvYVWb29o8=
-32,15,9o5pEaTry7X1l5NzV/uB7lPnjIM=,k7qDgDV8C2Lv13Y4xa+wnHeZvwg=
-25,0,Ul295QDE9DistbaevmgB4SSewRs=,c7vNCrp3YmztYEI8bjvYVWb29o8=
-24,0,Ul295QDE9DistbaevmgB4SSewRs=,Aaj/vLG3TeP/xjRpuuNGlykevUc=
-23,0,Ul295QDE9DistbaevmgB4SSewRs=,Aaj/vLG3TeP/xjRpuuNGlykevUc=
-22,0,Ul295QDE9DistbaevmgB4SSewRs=,Aaj/vLG3TeP/xjRpuuNGlykevUc=
-21,0,Ul295QDE9DistbaevmgB4SSewRs=,Aaj/vLG3TeP/xjRpuuNGlykevUc=
-17,0,Ul295QDE9DistbaevmgB4SSewRs=,Aaj/vLG3TeP/xjRpuuNGlykevUc=
-19,0,Ul295QDE9DistbaevmgB4SSewRs=,Aaj/vLG3TeP/xjRpuuNGlykevUc=
-20,0,Ul295QDE9DistbaevmgB4SSewRs=,Aaj/vLG3TeP/xjRpuuNGlykevUc=
-18,0,Ul295QDE9DistbaevmgB4SSewRs=,Aaj/vLG3TeP/xjRpuuNGlykevUc=
-32,0,Ul295QDE9DistbaevmgB4SSewRs=,c7vNCrp3YmztYEI8bjvYVWb29o8=
-14,19,Ul295QDE9DistbaevmgB4SSewRs=,X0Gq5AGywqxeHPG5+2WZbHNEHSY=
-12,23,Ul295QDE9DistbaevmgB4SSewRs=,X0Gq5AGywqxeHPG5+2WZbHNEHSY=
-13,19,Ul295QDE9DistbaevmgB4SSewRs=,X0Gq5AGywqxeHPG5+2WZbHNEHSY=
-12,19,Ul295QDE9DistbaevmgB4SSewRs=,X0Gq5AGywqxeHPG5+2WZbHNEHSY=
-15,18,Ul295QDE9DistbaevmgB4SSewRs=,X0Gq5AGywqxeHPG5+2WZbHNEHSY=
-11,23,Ul295QDE9DistbaevmgB4SSewRs=,X0Gq5AGywqxeHPG5+2WZbHNEHSY=
-13,23,Ul295QDE9DistbaevmgB4SSewRs=,X0Gq5AGywqxeHPG5+2WZbHNEHSY=
-11,22,Ul295QDE9DistbaevmgB4SSewRs=,X0Gq5AGywqxeHPG5+2WZbHNEHSY=
-15,20,Ul295QDE9DistbaevmgB4SSewRs=,X0Gq5AGywqxeHPG5+2WZbHNEHSY=
-14,23,Ul295QDE9DistbaevmgB4SSewRs=,X0Gq5AGywqxeHPG5+2WZbHNEHSY=
-15,19,Ul295QDE9DistbaevmgB4SSewRs=,X0Gq5AGywqxeHPG5+2WZbHNEHSY=
-15,23,Ul295QDE9DistbaevmgB4SSewRs=,X0Gq5AGywqxeHPG5+2WZbHNEHSY=
-12,22,Ul295QDE9DistbaevmgB4SSewRs=,X0Gq5AGywqxeHPG5+2WZbHNEHSY=
-10,19,Ul295QDE9DistbaevmgB4SSewRs=,X0Gq5AGywqxeHPG5+2WZbHNEHSY=
-11,19,Ul295QDE9DistbaevmgB4SSewRs=,X0Gq5AGywqxeHPG5+2WZbHNEHSY=
-10,18,Ul295QDE9DistbaevmgB4SSewRs=,X0Gq5AGywqxeHPG5+2WZbHNEHSY=
-13,22,Ul295QDE9DistbaevmgB4SSewRs=,X0Gq5AGywqxeHPG5+2WZbHNEHSY=
-10,21,Ul295QDE9DistbaevmgB4SSewRs=,X0Gq5AGywqxeHPG5+2WZbHNEHSY=
-10,20,Ul295QDE9DistbaevmgB4SSewRs=,X0Gq5AGywqxeHPG5+2WZbHNEHSY=
-14,22,Ul295QDE9DistbaevmgB4SSewRs=,X0Gq5AGywqxeHPG5+2WZbHNEHSY=
-11,20,Ul295QDE9DistbaevmgB4SSewRs=,X0Gq5AGywqxeHPG5+2WZbHNEHSY=
-15,22,Ul295QDE9DistbaevmgB4SSewRs=,X0Gq5AGywqxeHPG5+2WZbHNEHSY=
-12,20,Ul295QDE9DistbaevmgB4SSewRs=,X0Gq5AGywqxeHPG5+2WZbHNEHSY=
-13,20,Ul295QDE9DistbaevmgB4SSewRs=,X0Gq5AGywqxeHPG5+2WZbHNEHSY=
-14,17,Ul295QDE9DistbaevmgB4SSewRs=,X0Gq5AGywqxeHPG5+2WZbHNEHSY=
-11,21,Ul295QDE9DistbaevmgB4SSewRs=,X0Gq5AGywqxeHPG5+2WZbHNEHSY=
-14,20,Ul295QDE9DistbaevmgB4SSewRs=,X0Gq5AGywqxeHPG5+2WZbHNEHSY=
-11,18,Ul295QDE9DistbaevmgB4SSewRs=,X0Gq5AGywqxeHPG5+2WZbHNEHSY=
-12,21,Ul295QDE9DistbaevmgB4SSewRs=,X0Gq5AGywqxeHPG5+2WZbHNEHSY=
-13,21,Ul295QDE9DistbaevmgB4SSewRs=,X0Gq5AGywqxeHPG5+2WZbHNEHSY=
-10,17,Ul295QDE9DistbaevmgB4SSewRs=,X0Gq5AGywqxeHPG5+2WZbHNEHSY=
-10,22,Ul295QDE9DistbaevmgB4SSewRs=,X0Gq5AGywqxeHPG5+2WZbHNEHSY=
-11,17,Ul295QDE9DistbaevmgB4SSewRs=,X0Gq5AGywqxeHPG5+2WZbHNEHSY=
-12,17,Ul295QDE9DistbaevmgB4SSewRs=,X0Gq5AGywqxeHPG5+2WZbHNEHSY=
-12,18,Ul295QDE9DistbaevmgB4SSewRs=,X0Gq5AGywqxeHPG5+2WZbHNEHSY=
-13,17,Ul295QDE9DistbaevmgB4SSewRs=,X0Gq5AGywqxeHPG5+2WZbHNEHSY=
-14,21,Ul295QDE9DistbaevmgB4SSewRs=,X0Gq5AGywqxeHPG5+2WZbHNEHSY=
-15,21,Ul295QDE9DistbaevmgB4SSewRs=,X0Gq5AGywqxeHPG5+2WZbHNEHSY=
-13,18,Ul295QDE9DistbaevmgB4SSewRs=,X0Gq5AGywqxeHPG5+2WZbHNEHSY=
-10,23,Ul295QDE9DistbaevmgB4SSewRs=,X0Gq5AGywqxeHPG5+2WZbHNEHSY=
-14,18,Ul295QDE9DistbaevmgB4SSewRs=,X0Gq5AGywqxeHPG5+2WZbHNEHSY=
-15,17,Ul295QDE9DistbaevmgB4SSewRs=,X0Gq5AGywqxeHPG5+2WZbHNEHSY=
-13,16,Ul295QDE9DistbaevmgB4SSewRs=,X0Gq5AGywqxeHPG5+2WZbHNEHSY=
-12,16,Ul295QDE9DistbaevmgB4SSewRs=,X0Gq5AGywqxeHPG5+2WZbHNEHSY=
-11,16,Ul295QDE9DistbaevmgB4SSewRs=,X0Gq5AGywqxeHPG5+2WZbHNEHSY=
-10,16,Ul295QDE9DistbaevmgB4SSewRs=,X0Gq5AGywqxeHPG5+2WZbHNEHSY=
-14,16,Ul295QDE9DistbaevmgB4SSewRs=,X0Gq5AGywqxeHPG5+2WZbHNEHSY=
-15,16,Ul295QDE9DistbaevmgB4SSewRs=,X0Gq5AGywqxeHPG5+2WZbHNEHSY=
-16,17,Ul295QDE9DistbaevmgB4SSewRs=,X0Gq5AGywqxeHPG5+2WZbHNEHSY=
-16,20,Ul295QDE9DistbaevmgB4SSewRs=,X0Gq5AGywqxeHPG5+2WZbHNEHSY=
-16,19,Ul295QDE9DistbaevmgB4SSewRs=,X0Gq5AGywqxeHPG5+2WZbHNEHSY=
-16,18,Ul295QDE9DistbaevmgB4SSewRs=,X0Gq5AGywqxeHPG5+2WZbHNEHSY=
-16,22,Ul295QDE9DistbaevmgB4SSewRs=,X0Gq5AGywqxeHPG5+2WZbHNEHSY=
-16,21,Ul295QDE9DistbaevmgB4SSewRs=,X0Gq5AGywqxeHPG5+2WZbHNEHSY=
-16,23,Ul295QDE9DistbaevmgB4SSewRs=,X0Gq5AGywqxeHPG5+2WZbHNEHSY=
-4,31,Ul295QDE9DistbaevmgB4SSewRs=,ha3/09nGAg8jt/7KLALor6H7YMc=
-1,31,Ul295QDE9DistbaevmgB4SSewRs=,ha3/09nGAg8jt/7KLALor6H7YMc=
-8,25,Ul295QDE9DistbaevmgB4SSewRs=,ha3/09nGAg8jt/7KLALor6H7YMc=
-7,25,Ul295QDE9DistbaevmgB4SSewRs=,ha3/09nGAg8jt/7KLALor6H7YMc=
-6,25,Ul295QDE9DistbaevmgB4SSewRs=,ha3/09nGAg8jt/7KLALor6H7YMc=
-5,25,Ul295QDE9DistbaevmgB4SSewRs=,ha3/09nGAg8jt/7KLALor6H7YMc=
-4,25,Ul295QDE9DistbaevmgB4SSewRs=,ha3/09nGAg8jt/7KLALor6H7YMc=
-2,25,Ul295QDE9DistbaevmgB4SSewRs=,ha3/09nGAg8jt/7KLALor6H7YMc=
-3,25,Ul295QDE9DistbaevmgB4SSewRs=,ha3/09nGAg8jt/7KLALor6H7YMc=
-1,25,Ul295QDE9DistbaevmgB4SSewRs=,ha3/09nGAg8jt/7KLALor6H7YMc=
-8,26,Ul295QDE9DistbaevmgB4SSewRs=,ha3/09nGAg8jt/7KLALor6H7YMc=
-2,31,Ul295QDE9DistbaevmgB4SSewRs=,ha3/09nGAg8jt/7KLALor6H7YMc=
-3,31,Ul295QDE9DistbaevmgB4SSewRs=,ha3/09nGAg8jt/7KLALor6H7YMc=
-7,26,Ul295QDE9DistbaevmgB4SSewRs=,ha3/09nGAg8jt/7KLALor6H7YMc=
-6,26,Ul295QDE9DistbaevmgB4SSewRs=,ha3/09nGAg8jt/7KLALor6H7YMc=
-5,26,Ul295QDE9DistbaevmgB4SSewRs=,ha3/09nGAg8jt/7KLALor6H7YMc=
-4,26,Ul295QDE9DistbaevmgB4SSewRs=,ha3/09nGAg8jt/7KLALor6H7YMc=
-3,26,Ul295QDE9DistbaevmgB4SSewRs=,ha3/09nGAg8jt/7KLALor6H7YMc=
-2,26,YAaSHTD2wDUkZ4o2LDliFnZI3OU=,ha3/09nGAg8jt/7KLALor6H7YMc=
-8,27,YAaSHTD2wDUkZ4o2LDliFnZI3OU=,ha3/09nGAg8jt/7KLALor6H7YMc=
-1,26,YAaSHTD2wDUkZ4o2LDliFnZI3OU=,ha3/09nGAg8jt/7KLALor6H7YMc=
-6,27,YAaSHTD2wDUkZ4o2LDliFnZI3OU=,ha3/09nGAg8jt/7KLALor6H7YMc=
-5,27,YAaSHTD2wDUkZ4o2LDliFnZI3OU=,ha3/09nGAg8jt/7KLALor6H7YMc=
-3,27,YAaSHTD2wDUkZ4o2LDliFnZI3OU=,ha3/09nGAg8jt/7KLALor6H7YMc=
-4,27,YAaSHTD2wDUkZ4o2LDliFnZI3OU=,ha3/09nGAg8jt/7KLALor6H7YMc=
-2,27,YAaSHTD2wDUkZ4o2LDliFnZI3OU=,ha3/09nGAg8jt/7KLALor6H7YMc=
-7,27,YAaSHTD2wDUkZ4o2LDliFnZI3OU=,ha3/09nGAg8jt/7KLALor6H7YMc=
-5,31,YAaSHTD2wDUkZ4o2LDliFnZI3OU=,ha3/09nGAg8jt/7KLALor6H7YMc=
-6,31,YAaSHTD2wDUkZ4o2LDliFnZI3OU=,ha3/09nGAg8jt/7KLALor6H7YMc=
-7,31,YAaSHTD2wDUkZ4o2LDliFnZI3OU=,ha3/09nGAg8jt/7KLALor6H7YMc=
-8,31,YAaSHTD2wDUkZ4o2LDliFnZI3OU=,ha3/09nGAg8jt/7KLALor6H7YMc=
-2,30,YAaSHTD2wDUkZ4o2LDliFnZI3OU=,ha3/09nGAg8jt/7KLALor6H7YMc=
-1,30,YAaSHTD2wDUkZ4o2LDliFnZI3OU=,ha3/09nGAg8jt/7KLALor6H7YMc=
-3,30,YAaSHTD2wDUkZ4o2LDliFnZI3OU=,ha3/09nGAg8jt/7KLALor6H7YMc=
-4,30,YAaSHTD2wDUkZ4o2LDliFnZI3OU=,ha3/09nGAg8jt/7KLALor6H7YMc=
-5,30,YAaSHTD2wDUkZ4o2LDliFnZI3OU=,ha3/09nGAg8jt/7KLALor6H7YMc=
-6,30,YAaSHTD2wDUkZ4o2LDliFnZI3OU=,ha3/09nGAg8jt/7KLALor6H7YMc=
-7,30,YAaSHTD2wDUkZ4o2LDliFnZI3OU=,ha3/09nGAg8jt/7KLALor6H7YMc=
-8,30,YAaSHTD2wDUkZ4o2LDliFnZI3OU=,ha3/09nGAg8jt/7KLALor6H7YMc=
-1,27,YAaSHTD2wDUkZ4o2LDliFnZI3OU=,ha3/09nGAg8jt/7KLALor6H7YMc=
-8,28,YAaSHTD2wDUkZ4o2LDliFnZI3OU=,ha3/09nGAg8jt/7KLALor6H7YMc=
-7,28,YAaSHTD2wDUkZ4o2LDliFnZI3OU=,ha3/09nGAg8jt/7KLALor6H7YMc=
-6,28,YAaSHTD2wDUkZ4o2LDliFnZI3OU=,ha3/09nGAg8jt/7KLALor6H7YMc=
-5,28,YAaSHTD2wDUkZ4o2LDliFnZI3OU=,ha3/09nGAg8jt/7KLALor6H7YMc=
-4,28,YAaSHTD2wDUkZ4o2LDliFnZI3OU=,ha3/09nGAg8jt/7KLALor6H7YMc=
-3,28,YAaSHTD2wDUkZ4o2LDliFnZI3OU=,ha3/09nGAg8jt/7KLALor6H7YMc=
-2,28,YAaSHTD2wDUkZ4o2LDliFnZI3OU=,ha3/09nGAg8jt/7KLALor6H7YMc=
-1,29,YAaSHTD2wDUkZ4o2LDliFnZI3OU=,ha3/09nGAg8jt/7KLALor6H7YMc=
-2,29,YAaSHTD2wDUkZ4o2LDliFnZI3OU=,ha3/09nGAg8jt/7KLALor6H7YMc=
-3,29,YAaSHTD2wDUkZ4o2LDliFnZI3OU=,ha3/09nGAg8jt/7KLALor6H7YMc=
-4,29,YAaSHTD2wDUkZ4o2LDliFnZI3OU=,ha3/09nGAg8jt/7KLALor6H7YMc=
-5,29,YAaSHTD2wDUkZ4o2LDliFnZI3OU=,ha3/09nGAg8jt/7KLALor6H7YMc=
-1,28,YAaSHTD2wDUkZ4o2LDliFnZI3OU=,ha3/09nGAg8jt/7KLALor6H7YMc=
-8,29,YAaSHTD2wDUkZ4o2LDliFnZI3OU=,ha3/09nGAg8jt/7KLALor6H7YMc=
-7,29,YAaSHTD2wDUkZ4o2LDliFnZI3OU=,ha3/09nGAg8jt/7KLALor6H7YMc=
-6,29,YAaSHTD2wDUkZ4o2LDliFnZI3OU=,ha3/09nGAg8jt/7KLALor6H7YMc=
-7,21,9o5pEaTry7X1l5NzV/uB7lPnjIM=,lBlkk3nx++ttOc559Ri4EXa93Gc=
-5,21,9o5pEaTry7X1l5NzV/uB7lPnjIM=,lBlkk3nx++ttOc559Ri4EXa93Gc=
-6,21,9o5pEaTry7X1l5NzV/uB7lPnjIM=,lBlkk3nx++ttOc559Ri4EXa93Gc=
-8,21,9o5pEaTry7X1l5NzV/uB7lPnjIM=,lBlkk3nx++ttOc559Ri4EXa93Gc=
-9,21,YAaSHTD2wDUkZ4o2LDliFnZI3OU=,X0Gq5AGywqxeHPG5+2WZbHNEHSY=
-3,20,9o5pEaTry7X1l5NzV/uB7lPnjIM=,lBlkk3nx++ttOc559Ri4EXa93Gc=
-2,20,9o5pEaTry7X1l5NzV/uB7lPnjIM=,lBlkk3nx++ttOc559Ri4EXa93Gc=
-5,20,9o5pEaTry7X1l5NzV/uB7lPnjIM=,lBlkk3nx++ttOc559Ri4EXa93Gc=
-4,20,9o5pEaTry7X1l5NzV/uB7lPnjIM=,lBlkk3nx++ttOc559Ri4EXa93Gc=
-9,19,YAaSHTD2wDUkZ4o2LDliFnZI3OU=,X0Gq5AGywqxeHPG5+2WZbHNEHSY=
-1,20,9o5pEaTry7X1l5NzV/uB7lPnjIM=,lBlkk3nx++ttOc559Ri4EXa93Gc=
-6,20,9o5pEaTry7X1l5NzV/uB7lPnjIM=,lBlkk3nx++ttOc559Ri4EXa93Gc=
-9,18,YAaSHTD2wDUkZ4o2LDliFnZI3OU=,X0Gq5AGywqxeHPG5+2WZbHNEHSY=
-4,21,9o5pEaTry7X1l5NzV/uB7lPnjIM=,lBlkk3nx++ttOc559Ri4EXa93Gc=
-3,21,9o5pEaTry7X1l5NzV/uB7lPnjIM=,lBlkk3nx++ttOc559Ri4EXa93Gc=
-9,20,YAaSHTD2wDUkZ4o2LDliFnZI3OU=,X0Gq5AGywqxeHPG5+2WZbHNEHSY=
-8,20,9o5pEaTry7X1l5NzV/uB7lPnjIM=,lBlkk3nx++ttOc559Ri4EXa93Gc=
-7,20,9o5pEaTry7X1l5NzV/uB7lPnjIM=,lBlkk3nx++ttOc559Ri4EXa93Gc=
-3,19,9o5pEaTry7X1l5NzV/uB7lPnjIM=,lBlkk3nx++ttOc559Ri4EXa93Gc=
-4,19,9o5pEaTry7X1l5NzV/uB7lPnjIM=,lBlkk3nx++ttOc559Ri4EXa93Gc=
-5,19,9o5pEaTry7X1l5NzV/uB7lPnjIM=,lBlkk3nx++ttOc559Ri4EXa93Gc=
-2,19,9o5pEaTry7X1l5NzV/uB7lPnjIM=,lBlkk3nx++ttOc559Ri4EXa93Gc=
-7,19,9o5pEaTry7X1l5NzV/uB7lPnjIM=,lBlkk3nx++ttOc559Ri4EXa93Gc=
-8,19,9o5pEaTry7X1l5NzV/uB7lPnjIM=,lBlkk3nx++ttOc559Ri4EXa93Gc=
-6,19,9o5pEaTry7X1l5NzV/uB7lPnjIM=,lBlkk3nx++ttOc559Ri4EXa93Gc=
-2,18,9o5pEaTry7X1l5NzV/uB7lPnjIM=,lBlkk3nx++ttOc559Ri4EXa93Gc=
-3,18,9o5pEaTry7X1l5NzV/uB7lPnjIM=,lBlkk3nx++ttOc559Ri4EXa93Gc=
-4,18,9o5pEaTry7X1l5NzV/uB7lPnjIM=,lBlkk3nx++ttOc559Ri4EXa93Gc=
-5,18,9o5pEaTry7X1l5NzV/uB7lPnjIM=,lBlkk3nx++ttOc559Ri4EXa93Gc=
-9,22,YAaSHTD2wDUkZ4o2LDliFnZI3OU=,X0Gq5AGywqxeHPG5+2WZbHNEHSY=
-9,17,YAaSHTD2wDUkZ4o2LDliFnZI3OU=,X0Gq5AGywqxeHPG5+2WZbHNEHSY=
-6,18,9o5pEaTry7X1l5NzV/uB7lPnjIM=,lBlkk3nx++ttOc559Ri4EXa93Gc=
-7,18,9o5pEaTry7X1l5NzV/uB7lPnjIM=,lBlkk3nx++ttOc559Ri4EXa93Gc=
-8,18,9o5pEaTry7X1l5NzV/uB7lPnjIM=,lBlkk3nx++ttOc559Ri4EXa93Gc=
-1,19,9o5pEaTry7X1l5NzV/uB7lPnjIM=,lBlkk3nx++ttOc559Ri4EXa93Gc=
-1,18,9o5pEaTry7X1l5NzV/uB7lPnjIM=,lBlkk3nx++ttOc559Ri4EXa93Gc=
-3,17,9o5pEaTry7X1l5NzV/uB7lPnjIM=,lBlkk3nx++ttOc559Ri4EXa93Gc=
-2,17,9o5pEaTry7X1l5NzV/uB7lPnjIM=,lBlkk3nx++ttOc559Ri4EXa93Gc=
-1,17,9o5pEaTry7X1l5NzV/uB7lPnjIM=,lBlkk3nx++ttOc559Ri4EXa93Gc=
-4,17,9o5pEaTry7X1l5NzV/uB7lPnjIM=,lBlkk3nx++ttOc559Ri4EXa93Gc=
-7,17,9o5pEaTry7X1l5NzV/uB7lPnjIM=,lBlkk3nx++ttOc559Ri4EXa93Gc=
-8,17,9o5pEaTry7X1l5NzV/uB7lPnjIM=,lBlkk3nx++ttOc559Ri4EXa93Gc=
-5,17,9o5pEaTry7X1l5NzV/uB7lPnjIM=,lBlkk3nx++ttOc559Ri4EXa93Gc=
-6,17,9o5pEaTry7X1l5NzV/uB7lPnjIM=,lBlkk3nx++ttOc559Ri4EXa93Gc=
-2,24,YAaSHTD2wDUkZ4o2LDliFnZI3OU=,ha3/09nGAg8jt/7KLALor6H7YMc=
-2,23,9o5pEaTry7X1l5NzV/uB7lPnjIM=,lBlkk3nx++ttOc559Ri4EXa93Gc=
-3,24,YAaSHTD2wDUkZ4o2LDliFnZI3OU=,ha3/09nGAg8jt/7KLALor6H7YMc=
-4,24,YAaSHTD2wDUkZ4o2LDliFnZI3OU=,ha3/09nGAg8jt/7KLALor6H7YMc=
-2,16,9o5pEaTry7X1l5NzV/uB7lPnjIM=,lBlkk3nx++ttOc559Ri4EXa93Gc=
-3,23,9o5pEaTry7X1l5NzV/uB7lPnjIM=,lBlkk3nx++ttOc559Ri4EXa93Gc=
-5,24,YAaSHTD2wDUkZ4o2LDliFnZI3OU=,ha3/09nGAg8jt/7KLALor6H7YMc=
-6,24,YAaSHTD2wDUkZ4o2LDliFnZI3OU=,ha3/09nGAg8jt/7KLALor6H7YMc=
-1,24,YAaSHTD2wDUkZ4o2LDliFnZI3OU=,ha3/09nGAg8jt/7KLALor6H7YMc=
-3,16,9o5pEaTry7X1l5NzV/uB7lPnjIM=,lBlkk3nx++ttOc559Ri4EXa93Gc=
-4,23,9o5pEaTry7X1l5NzV/uB7lPnjIM=,lBlkk3nx++ttOc559Ri4EXa93Gc=
-5,23,9o5pEaTry7X1l5NzV/uB7lPnjIM=,lBlkk3nx++ttOc559Ri4EXa93Gc=
-7,24,YAaSHTD2wDUkZ4o2LDliFnZI3OU=,ha3/09nGAg8jt/7KLALor6H7YMc=
-6,23,9o5pEaTry7X1l5NzV/uB7lPnjIM=,lBlkk3nx++ttOc559Ri4EXa93Gc=
-8,24,YAaSHTD2wDUkZ4o2LDliFnZI3OU=,ha3/09nGAg8jt/7KLALor6H7YMc=
-7,23,9o5pEaTry7X1l5NzV/uB7lPnjIM=,lBlkk3nx++ttOc559Ri4EXa93Gc=
-8,23,9o5pEaTry7X1l5NzV/uB7lPnjIM=,lBlkk3nx++ttOc559Ri4EXa93Gc=
-9,23,YAaSHTD2wDUkZ4o2LDliFnZI3OU=,X0Gq5AGywqxeHPG5+2WZbHNEHSY=
-1,16,9o5pEaTry7X1l5NzV/uB7lPnjIM=,lBlkk3nx++ttOc559Ri4EXa93Gc=
-5,16,9o5pEaTry7X1l5NzV/uB7lPnjIM=,lBlkk3nx++ttOc559Ri4EXa93Gc=
-4,16,9o5pEaTry7X1l5NzV/uB7lPnjIM=,lBlkk3nx++ttOc559Ri4EXa93Gc=
-3,22,9o5pEaTry7X1l5NzV/uB7lPnjIM=,lBlkk3nx++ttOc559Ri4EXa93Gc=
-4,22,9o5pEaTry7X1l5NzV/uB7lPnjIM=,lBlkk3nx++ttOc559Ri4EXa93Gc=
-5,22,9o5pEaTry7X1l5NzV/uB7lPnjIM=,lBlkk3nx++ttOc559Ri4EXa93Gc=
-1,22,9o5pEaTry7X1l5NzV/uB7lPnjIM=,lBlkk3nx++ttOc559Ri4EXa93Gc=
-6,22,9o5pEaTry7X1l5NzV/uB7lPnjIM=,lBlkk3nx++ttOc559Ri4EXa93Gc=
-7,22,9o5pEaTry7X1l5NzV/uB7lPnjIM=,lBlkk3nx++ttOc559Ri4EXa93Gc=
-8,22,9o5pEaTry7X1l5NzV/uB7lPnjIM=,lBlkk3nx++ttOc559Ri4EXa93Gc=
-9,16,YAaSHTD2wDUkZ4o2LDliFnZI3OU=,X0Gq5AGywqxeHPG5+2WZbHNEHSY=
-8,16,9o5pEaTry7X1l5NzV/uB7lPnjIM=,lBlkk3nx++ttOc559Ri4EXa93Gc=
-7,16,9o5pEaTry7X1l5NzV/uB7lPnjIM=,lBlkk3nx++ttOc559Ri4EXa93Gc=
-2,22,9o5pEaTry7X1l5NzV/uB7lPnjIM=,lBlkk3nx++ttOc559Ri4EXa93Gc=
-2,21,9o5pEaTry7X1l5NzV/uB7lPnjIM=,lBlkk3nx++ttOc559Ri4EXa93Gc=
-1,23,9o5pEaTry7X1l5NzV/uB7lPnjIM=,lBlkk3nx++ttOc559Ri4EXa93Gc=
-6,16,9o5pEaTry7X1l5NzV/uB7lPnjIM=,lBlkk3nx++ttOc559Ri4EXa93Gc=
-1,21,9o5pEaTry7X1l5NzV/uB7lPnjIM=,lBlkk3nx++ttOc559Ri4EXa93Gc=
-16,16,YAaSHTD2wDUkZ4o2LDliFnZI3OU=,X0Gq5AGywqxeHPG5+2WZbHNEHSY=
-13,2,YAaSHTD2wDUkZ4o2LDliFnZI3OU=,YxYdth9ME37Kp7vgiMuHjlq9Mck=
-10,2,YAaSHTD2wDUkZ4o2LDliFnZI3OU=,YxYdth9ME37Kp7vgiMuHjlq9Mck=
-14,1,YAaSHTD2wDUkZ4o2LDliFnZI3OU=,YxYdth9ME37Kp7vgiMuHjlq9Mck=
-12,5,YAaSHTD2wDUkZ4o2LDliFnZI3OU=,YxYdth9ME37Kp7vgiMuHjlq9Mck=
-10,4,YAaSHTD2wDUkZ4o2LDliFnZI3OU=,YxYdth9ME37Kp7vgiMuHjlq9Mck=
-13,5,YAaSHTD2wDUkZ4o2LDliFnZI3OU=,YxYdth9ME37Kp7vgiMuHjlq9Mck=
-14,5,YAaSHTD2wDUkZ4o2LDliFnZI3OU=,YxYdth9ME37Kp7vgiMuHjlq9Mck=
-11,4,YAaSHTD2wDUkZ4o2LDliFnZI3OU=,YxYdth9ME37Kp7vgiMuHjlq9Mck=
-10,6,YAaSHTD2wDUkZ4o2LDliFnZI3OU=,YxYdth9ME37Kp7vgiMuHjlq9Mck=
-15,5,YAaSHTD2wDUkZ4o2LDliFnZI3OU=,YxYdth9ME37Kp7vgiMuHjlq9Mck=
-11,6,YAaSHTD2wDUkZ4o2LDliFnZI3OU=,YxYdth9ME37Kp7vgiMuHjlq9Mck=
-14,2,YAaSHTD2wDUkZ4o2LDliFnZI3OU=,YxYdth9ME37Kp7vgiMuHjlq9Mck=
-12,4,YAaSHTD2wDUkZ4o2LDliFnZI3OU=,YxYdth9ME37Kp7vgiMuHjlq9Mck=
-13,4,YAaSHTD2wDUkZ4o2LDliFnZI3OU=,YxYdth9ME37Kp7vgiMuHjlq9Mck=
-12,6,YAaSHTD2wDUkZ4o2LDliFnZI3OU=,YxYdth9ME37Kp7vgiMuHjlq9Mck=
-13,6,YAaSHTD2wDUkZ4o2LDliFnZI3OU=,YxYdth9ME37Kp7vgiMuHjlq9Mck=
-14,4,YAaSHTD2wDUkZ4o2LDliFnZI3OU=,YxYdth9ME37Kp7vgiMuHjlq9Mck=
-15,1,YAaSHTD2wDUkZ4o2LDliFnZI3OU=,YxYdth9ME37Kp7vgiMuHjlq9Mck=
-15,4,YAaSHTD2wDUkZ4o2LDliFnZI3OU=,YxYdth9ME37Kp7vgiMuHjlq9Mck=
-10,3,YAaSHTD2wDUkZ4o2LDliFnZI3OU=,YxYdth9ME37Kp7vgiMuHjlq9Mck=
-11,3,YAaSHTD2wDUkZ4o2LDliFnZI3OU=,YxYdth9ME37Kp7vgiMuHjlq9Mck=
-12,3,YAaSHTD2wDUkZ4o2LDliFnZI3OU=,YxYdth9ME37Kp7vgiMuHjlq9Mck=
-14,6,YAaSHTD2wDUkZ4o2LDliFnZI3OU=,YxYdth9ME37Kp7vgiMuHjlq9Mck=
-15,6,YAaSHTD2wDUkZ4o2LDliFnZI3OU=,YxYdth9ME37Kp7vgiMuHjlq9Mck=
-13,3,YAaSHTD2wDUkZ4o2LDliFnZI3OU=,YxYdth9ME37Kp7vgiMuHjlq9Mck=
-14,3,YAaSHTD2wDUkZ4o2LDliFnZI3OU=,YxYdth9ME37Kp7vgiMuHjlq9Mck=
-15,3,YAaSHTD2wDUkZ4o2LDliFnZI3OU=,YxYdth9ME37Kp7vgiMuHjlq9Mck=
-15,2,YAaSHTD2wDUkZ4o2LDliFnZI3OU=,YxYdth9ME37Kp7vgiMuHjlq9Mck=
-10,1,YAaSHTD2wDUkZ4o2LDliFnZI3OU=,YxYdth9ME37Kp7vgiMuHjlq9Mck=
-11,1,YAaSHTD2wDUkZ4o2LDliFnZI3OU=,YxYdth9ME37Kp7vgiMuHjlq9Mck=
-12,1,YAaSHTD2wDUkZ4o2LDliFnZI3OU=,YxYdth9ME37Kp7vgiMuHjlq9Mck=
-13,1,YAaSHTD2wDUkZ4o2LDliFnZI3OU=,YxYdth9ME37Kp7vgiMuHjlq9Mck=
-11,2,YAaSHTD2wDUkZ4o2LDliFnZI3OU=,YxYdth9ME37Kp7vgiMuHjlq9Mck=
-10,5,YAaSHTD2wDUkZ4o2LDliFnZI3OU=,YxYdth9ME37Kp7vgiMuHjlq9Mck=
-12,2,YAaSHTD2wDUkZ4o2LDliFnZI3OU=,YxYdth9ME37Kp7vgiMuHjlq9Mck=
-11,5,YAaSHTD2wDUkZ4o2LDliFnZI3OU=,YxYdth9ME37Kp7vgiMuHjlq9Mck=
-13,7,YAaSHTD2wDUkZ4o2LDliFnZI3OU=,YxYdth9ME37Kp7vgiMuHjlq9Mck=
-12,7,YAaSHTD2wDUkZ4o2LDliFnZI3OU=,YxYdth9ME37Kp7vgiMuHjlq9Mck=
-13,13,YAaSHTD2wDUkZ4o2LDliFnZI3OU=,T5quWuGjf+ydhrrg0kFer7Dns6E=
-11,7,YAaSHTD2wDUkZ4o2LDliFnZI3OU=,YxYdth9ME37Kp7vgiMuHjlq9Mck=
-14,13,YAaSHTD2wDUkZ4o2LDliFnZI3OU=,T5quWuGjf+ydhrrg0kFer7Dns6E=
-14,7,YAaSHTD2wDUkZ4o2LDliFnZI3OU=,YxYdth9ME37Kp7vgiMuHjlq9Mck=
-15,13,YAaSHTD2wDUkZ4o2LDliFnZI3OU=,T5quWuGjf+ydhrrg0kFer7Dns6E=
-10,12,YAaSHTD2wDUkZ4o2LDliFnZI3OU=,T5quWuGjf+ydhrrg0kFer7Dns6E=
-10,7,YAaSHTD2wDUkZ4o2LDliFnZI3OU=,YxYdth9ME37Kp7vgiMuHjlq9Mck=
-15,8,YAaSHTD2wDUkZ4o2LDliFnZI3OU=,T5quWuGjf+ydhrrg0kFer7Dns6E=
-14,8,YAaSHTD2wDUkZ4o2LDliFnZI3OU=,T5quWuGjf+ydhrrg0kFer7Dns6E=
-12,13,YAaSHTD2wDUkZ4o2LDliFnZI3OU=,T5quWuGjf+ydhrrg0kFer7Dns6E=
-11,13,YAaSHTD2wDUkZ4o2LDliFnZI3OU=,T5quWuGjf+ydhrrg0kFer7Dns6E=
-10,13,YAaSHTD2wDUkZ4o2LDliFnZI3OU=,T5quWuGjf+ydhrrg0kFer7Dns6E=
-15,14,YAaSHTD2wDUkZ4o2LDliFnZI3OU=,T5quWuGjf+ydhrrg0kFer7Dns6E=
-14,14,YAaSHTD2wDUkZ4o2LDliFnZI3OU=,T5quWuGjf+ydhrrg0kFer7Dns6E=
-15,7,YAaSHTD2wDUkZ4o2LDliFnZI3OU=,YxYdth9ME37Kp7vgiMuHjlq9Mck=
-12,12,YAaSHTD2wDUkZ4o2LDliFnZI3OU=,T5quWuGjf+ydhrrg0kFer7Dns6E=
-11,12,YAaSHTD2wDUkZ4o2LDliFnZI3OU=,T5quWuGjf+ydhrrg0kFer7Dns6E=
-12,14,YAaSHTD2wDUkZ4o2LDliFnZI3OU=,T5quWuGjf+ydhrrg0kFer7Dns6E=
-13,8,YAaSHTD2wDUkZ4o2LDliFnZI3OU=,T5quWuGjf+ydhrrg0kFer7Dns6E=
-13,14,YAaSHTD2wDUkZ4o2LDliFnZI3OU=,T5quWuGjf+ydhrrg0kFer7Dns6E=
-11,14,YAaSHTD2wDUkZ4o2LDliFnZI3OU=,T5quWuGjf+ydhrrg0kFer7Dns6E=
-10,14,YAaSHTD2wDUkZ4o2LDliFnZI3OU=,T5quWuGjf+ydhrrg0kFer7Dns6E=
-12,8,YAaSHTD2wDUkZ4o2LDliFnZI3OU=,T5quWuGjf+ydhrrg0kFer7Dns6E=
-13,12,YAaSHTD2wDUkZ4o2LDliFnZI3OU=,T5quWuGjf+ydhrrg0kFer7Dns6E=
-14,12,YAaSHTD2wDUkZ4o2LDliFnZI3OU=,T5quWuGjf+ydhrrg0kFer7Dns6E=
-15,12,YAaSHTD2wDUkZ4o2LDliFnZI3OU=,T5quWuGjf+ydhrrg0kFer7Dns6E=
-10,11,YAaSHTD2wDUkZ4o2LDliFnZI3OU=,T5quWuGjf+ydhrrg0kFer7Dns6E=
-11,8,YAaSHTD2wDUkZ4o2LDliFnZI3OU=,T5quWuGjf+ydhrrg0kFer7Dns6E=
-11,11,YAaSHTD2wDUkZ4o2LDliFnZI3OU=,T5quWuGjf+ydhrrg0kFer7Dns6E=
-12,11,YAaSHTD2wDUkZ4o2LDliFnZI3OU=,T5quWuGjf+ydhrrg0kFer7Dns6E=
-13,11,YAaSHTD2wDUkZ4o2LDliFnZI3OU=,T5quWuGjf+ydhrrg0kFer7Dns6E=
-10,8,YAaSHTD2wDUkZ4o2LDliFnZI3OU=,T5quWuGjf+ydhrrg0kFer7Dns6E=
-15,9,YAaSHTD2wDUkZ4o2LDliFnZI3OU=,T5quWuGjf+ydhrrg0kFer7Dns6E=
-14,11,YAaSHTD2wDUkZ4o2LDliFnZI3OU=,T5quWuGjf+ydhrrg0kFer7Dns6E=
-14,9,YAaSHTD2wDUkZ4o2LDliFnZI3OU=,T5quWuGjf+ydhrrg0kFer7Dns6E=
-15,11,YAaSHTD2wDUkZ4o2LDliFnZI3OU=,T5quWuGjf+ydhrrg0kFer7Dns6E=
-13,9,YAaSHTD2wDUkZ4o2LDliFnZI3OU=,T5quWuGjf+ydhrrg0kFer7Dns6E=
-12,9,YAaSHTD2wDUkZ4o2LDliFnZI3OU=,T5quWuGjf+ydhrrg0kFer7Dns6E=
-11,9,YAaSHTD2wDUkZ4o2LDliFnZI3OU=,T5quWuGjf+ydhrrg0kFer7Dns6E=
-10,9,YAaSHTD2wDUkZ4o2LDliFnZI3OU=,T5quWuGjf+ydhrrg0kFer7Dns6E=
-15,10,YAaSHTD2wDUkZ4o2LDliFnZI3OU=,T5quWuGjf+ydhrrg0kFer7Dns6E=
-14,10,YAaSHTD2wDUkZ4o2LDliFnZI3OU=,T5quWuGjf+ydhrrg0kFer7Dns6E=
-13,10,YAaSHTD2wDUkZ4o2LDliFnZI3OU=,T5quWuGjf+ydhrrg0kFer7Dns6E=
-12,10,YAaSHTD2wDUkZ4o2LDliFnZI3OU=,T5quWuGjf+ydhrrg0kFer7Dns6E=
-11,10,YAaSHTD2wDUkZ4o2LDliFnZI3OU=,T5quWuGjf+ydhrrg0kFer7Dns6E=
-10,10,YAaSHTD2wDUkZ4o2LDliFnZI3OU=,T5quWuGjf+ydhrrg0kFer7Dns6E=
-16,14,YAaSHTD2wDUkZ4o2LDliFnZI3OU=,T5quWuGjf+ydhrrg0kFer7Dns6E=
-16,9,YAaSHTD2wDUkZ4o2LDliFnZI3OU=,T5quWuGjf+ydhrrg0kFer7Dns6E=
-16,10,YAaSHTD2wDUkZ4o2LDliFnZI3OU=,T5quWuGjf+ydhrrg0kFer7Dns6E=
-16,13,YAaSHTD2wDUkZ4o2LDliFnZI3OU=,T5quWuGjf+ydhrrg0kFer7Dns6E=
-16,11,YAaSHTD2wDUkZ4o2LDliFnZI3OU=,T5quWuGjf+ydhrrg0kFer7Dns6E=
-16,12,YAaSHTD2wDUkZ4o2LDliFnZI3OU=,T5quWuGjf+ydhrrg0kFer7Dns6E=
-4,11,2koWta2v6NbXybY/yu/ysi/8bAk=,P8NY4f2N7NgQ8pGBBVfrlJMWPpU=
-3,11,2koWta2v6NbXybY/yu/ysi/8bAk=,P8NY4f2N7NgQ8pGBBVfrlJMWPpU=
-2,15,2koWta2v6NbXybY/yu/ysi/8bAk=,P8NY4f2N7NgQ8pGBBVfrlJMWPpU=
-3,15,2koWta2v6NbXybY/yu/ysi/8bAk=,P8NY4f2N7NgQ8pGBBVfrlJMWPpU=
-5,11,2koWta2v6NbXybY/yu/ysi/8bAk=,P8NY4f2N7NgQ8pGBBVfrlJMWPpU=
-6,11,2koWta2v6NbXybY/yu/ysi/8bAk=,P8NY4f2N7NgQ8pGBBVfrlJMWPpU=
-9,12,YAaSHTD2wDUkZ4o2LDliFnZI3OU=,T5quWuGjf+ydhrrg0kFer7Dns6E=
-7,11,2koWta2v6NbXybY/yu/ysi/8bAk=,P8NY4f2N7NgQ8pGBBVfrlJMWPpU=
-4,15,2koWta2v6NbXybY/yu/ysi/8bAk=,P8NY4f2N7NgQ8pGBBVfrlJMWPpU=
-2,11,2koWta2v6NbXybY/yu/ysi/8bAk=,P8NY4f2N7NgQ8pGBBVfrlJMWPpU=
-1,11,2koWta2v6NbXybY/yu/ysi/8bAk=,P8NY4f2N7NgQ8pGBBVfrlJMWPpU=
-8,12,2koWta2v6NbXybY/yu/ysi/8bAk=,P8NY4f2N7NgQ8pGBBVfrlJMWPpU=
-7,12,2koWta2v6NbXybY/yu/ysi/8bAk=,P8NY4f2N7NgQ8pGBBVfrlJMWPpU=
-6,12,2koWta2v6NbXybY/yu/ysi/8bAk=,P8NY4f2N7NgQ8pGBBVfrlJMWPpU=
-5,12,2koWta2v6NbXybY/yu/ysi/8bAk=,P8NY4f2N7NgQ8pGBBVfrlJMWPpU=
-4,12,2koWta2v6NbXybY/yu/ysi/8bAk=,P8NY4f2N7NgQ8pGBBVfrlJMWPpU=
-9,13,YAaSHTD2wDUkZ4o2LDliFnZI3OU=,T5quWuGjf+ydhrrg0kFer7Dns6E=
-9,14,YAaSHTD2wDUkZ4o2LDliFnZI3OU=,T5quWuGjf+ydhrrg0kFer7Dns6E=
-3,12,2koWta2v6NbXybY/yu/ysi/8bAk=,P8NY4f2N7NgQ8pGBBVfrlJMWPpU=
-1,12,2koWta2v6NbXybY/yu/ysi/8bAk=,P8NY4f2N7NgQ8pGBBVfrlJMWPpU=
-8,13,2koWta2v6NbXybY/yu/ysi/8bAk=,P8NY4f2N7NgQ8pGBBVfrlJMWPpU=
-2,12,2koWta2v6NbXybY/yu/ysi/8bAk=,P8NY4f2N7NgQ8pGBBVfrlJMWPpU=
-7,13,2koWta2v6NbXybY/yu/ysi/8bAk=,P8NY4f2N7NgQ8pGBBVfrlJMWPpU=
-6,13,2koWta2v6NbXybY/yu/ysi/8bAk=,P8NY4f2N7NgQ8pGBBVfrlJMWPpU=
-9,9,YAaSHTD2wDUkZ4o2LDliFnZI3OU=,T5quWuGjf+ydhrrg0kFer7Dns6E=
-5,13,2koWta2v6NbXybY/yu/ysi/8bAk=,P8NY4f2N7NgQ8pGBBVfrlJMWPpU=
-4,13,2koWta2v6NbXybY/yu/ysi/8bAk=,P8NY4f2N7NgQ8pGBBVfrlJMWPpU=
-3,13,2koWta2v6NbXybY/yu/ysi/8bAk=,P8NY4f2N7NgQ8pGBBVfrlJMWPpU=
-2,13,2koWta2v6NbXybY/yu/ysi/8bAk=,P8NY4f2N7NgQ8pGBBVfrlJMWPpU=
-1,13,2koWta2v6NbXybY/yu/ysi/8bAk=,P8NY4f2N7NgQ8pGBBVfrlJMWPpU=
-8,14,2koWta2v6NbXybY/yu/ysi/8bAk=,P8NY4f2N7NgQ8pGBBVfrlJMWPpU=
-9,10,YAaSHTD2wDUkZ4o2LDliFnZI3OU=,T5quWuGjf+ydhrrg0kFer7Dns6E=
-7,14,2koWta2v6NbXybY/yu/ysi/8bAk=,P8NY4f2N7NgQ8pGBBVfrlJMWPpU=
-6,14,2koWta2v6NbXybY/yu/ysi/8bAk=,P8NY4f2N7NgQ8pGBBVfrlJMWPpU=
-5,14,2koWta2v6NbXybY/yu/ysi/8bAk=,P8NY4f2N7NgQ8pGBBVfrlJMWPpU=
-8,11,2koWta2v6NbXybY/yu/ysi/8bAk=,P8NY4f2N7NgQ8pGBBVfrlJMWPpU=
-8,9,2koWta2v6NbXybY/yu/ysi/8bAk=,P8NY4f2N7NgQ8pGBBVfrlJMWPpU=
-4,14,2koWta2v6NbXybY/yu/ysi/8bAk=,P8NY4f2N7NgQ8pGBBVfrlJMWPpU=
-7,9,2koWta2v6NbXybY/yu/ysi/8bAk=,P8NY4f2N7NgQ8pGBBVfrlJMWPpU=
-3,14,2koWta2v6NbXybY/yu/ysi/8bAk=,P8NY4f2N7NgQ8pGBBVfrlJMWPpU=
-6,9,2koWta2v6NbXybY/yu/ysi/8bAk=,P8NY4f2N7NgQ8pGBBVfrlJMWPpU=
-5,9,2koWta2v6NbXybY/yu/ysi/8bAk=,P8NY4f2N7NgQ8pGBBVfrlJMWPpU=
-2,14,2koWta2v6NbXybY/yu/ysi/8bAk=,P8NY4f2N7NgQ8pGBBVfrlJMWPpU=
-4,9,2koWta2v6NbXybY/yu/ysi/8bAk=,P8NY4f2N7NgQ8pGBBVfrlJMWPpU=
-3,9,2koWta2v6NbXybY/yu/ysi/8bAk=,P8NY4f2N7NgQ8pGBBVfrlJMWPpU=
-2,9,2koWta2v6NbXybY/yu/ysi/8bAk=,P8NY4f2N7NgQ8pGBBVfrlJMWPpU=
-1,9,2koWta2v6NbXybY/yu/ysi/8bAk=,P8NY4f2N7NgQ8pGBBVfrlJMWPpU=
-5,15,2koWta2v6NbXybY/yu/ysi/8bAk=,P8NY4f2N7NgQ8pGBBVfrlJMWPpU=
-6,15,2koWta2v6NbXybY/yu/ysi/8bAk=,P8NY4f2N7NgQ8pGBBVfrlJMWPpU=
-7,15,2koWta2v6NbXybY/yu/ysi/8bAk=,P8NY4f2N7NgQ8pGBBVfrlJMWPpU=
-1,14,2koWta2v6NbXybY/yu/ysi/8bAk=,P8NY4f2N7NgQ8pGBBVfrlJMWPpU=
-9,11,YAaSHTD2wDUkZ4o2LDliFnZI3OU=,T5quWuGjf+ydhrrg0kFer7Dns6E=
-7,10,2koWta2v6NbXybY/yu/ysi/8bAk=,P8NY4f2N7NgQ8pGBBVfrlJMWPpU=
-8,10,2koWta2v6NbXybY/yu/ysi/8bAk=,P8NY4f2N7NgQ8pGBBVfrlJMWPpU=
-6,10,2koWta2v6NbXybY/yu/ysi/8bAk=,P8NY4f2N7NgQ8pGBBVfrlJMWPpU=
-5,10,2koWta2v6NbXybY/yu/ysi/8bAk=,P8NY4f2N7NgQ8pGBBVfrlJMWPpU=
-4,10,2koWta2v6NbXybY/yu/ysi/8bAk=,P8NY4f2N7NgQ8pGBBVfrlJMWPpU=
-3,10,2koWta2v6NbXybY/yu/ysi/8bAk=,P8NY4f2N7NgQ8pGBBVfrlJMWPpU=
-1,10,2koWta2v6NbXybY/yu/ysi/8bAk=,P8NY4f2N7NgQ8pGBBVfrlJMWPpU=
-2,10,2koWta2v6NbXybY/yu/ysi/8bAk=,P8NY4f2N7NgQ8pGBBVfrlJMWPpU=
-7,3,2koWta2v6NbXybY/yu/ysi/8bAk=,PRTi13Sj3N2c7FD5qLr0Eckzib0=
-6,3,2koWta2v6NbXybY/yu/ysi/8bAk=,PRTi13Sj3N2c7FD5qLr0Eckzib0=
-9,2,YAaSHTD2wDUkZ4o2LDliFnZI3OU=,YxYdth9ME37Kp7vgiMuHjlq9Mck=
-9,3,YAaSHTD2wDUkZ4o2LDliFnZI3OU=,YxYdth9ME37Kp7vgiMuHjlq9Mck=
-8,3,2koWta2v6NbXybY/yu/ysi/8bAk=,PRTi13Sj3N2c7FD5qLr0Eckzib0=
-5,3,2koWta2v6NbXybY/yu/ysi/8bAk=,PRTi13Sj3N2c7FD5qLr0Eckzib0=
-9,1,YAaSHTD2wDUkZ4o2LDliFnZI3OU=,YxYdth9ME37Kp7vgiMuHjlq9Mck=
-9,7,YAaSHTD2wDUkZ4o2LDliFnZI3OU=,YxYdth9ME37Kp7vgiMuHjlq9Mck=
-1,2,2koWta2v6NbXybY/yu/ysi/8bAk=,PRTi13Sj3N2c7FD5qLr0Eckzib0=
-9,5,YAaSHTD2wDUkZ4o2LDliFnZI3OU=,YxYdth9ME37Kp7vgiMuHjlq9Mck=
-2,2,2koWta2v6NbXybY/yu/ysi/8bAk=,PRTi13Sj3N2c7FD5qLr0Eckzib0=
-2,7,2koWta2v6NbXybY/yu/ysi/8bAk=,PRTi13Sj3N2c7FD5qLr0Eckzib0=
-4,7,2koWta2v6NbXybY/yu/ysi/8bAk=,PRTi13Sj3N2c7FD5qLr0Eckzib0=
-5,7,2koWta2v6NbXybY/yu/ysi/8bAk=,PRTi13Sj3N2c7FD5qLr0Eckzib0=
-1,7,2koWta2v6NbXybY/yu/ysi/8bAk=,PRTi13Sj3N2c7FD5qLr0Eckzib0=
-3,7,2koWta2v6NbXybY/yu/ysi/8bAk=,PRTi13Sj3N2c7FD5qLr0Eckzib0=
-6,7,2koWta2v6NbXybY/yu/ysi/8bAk=,PRTi13Sj3N2c7FD5qLr0Eckzib0=
-4,3,2koWta2v6NbXybY/yu/ysi/8bAk=,PRTi13Sj3N2c7FD5qLr0Eckzib0=
-7,7,2koWta2v6NbXybY/yu/ysi/8bAk=,PRTi13Sj3N2c7FD5qLr0Eckzib0=
-8,7,2koWta2v6NbXybY/yu/ysi/8bAk=,PRTi13Sj3N2c7FD5qLr0Eckzib0=
-2,6,2koWta2v6NbXybY/yu/ysi/8bAk=,PRTi13Sj3N2c7FD5qLr0Eckzib0=
-3,6,2koWta2v6NbXybY/yu/ysi/8bAk=,PRTi13Sj3N2c7FD5qLr0Eckzib0=
-4,6,2koWta2v6NbXybY/yu/ysi/8bAk=,PRTi13Sj3N2c7FD5qLr0Eckzib0=
-1,6,2koWta2v6NbXybY/yu/ysi/8bAk=,PRTi13Sj3N2c7FD5qLr0Eckzib0=
-5,6,2koWta2v6NbXybY/yu/ysi/8bAk=,PRTi13Sj3N2c7FD5qLr0Eckzib0=
-3,3,2koWta2v6NbXybY/yu/ysi/8bAk=,PRTi13Sj3N2c7FD5qLr0Eckzib0=
-6,6,2koWta2v6NbXybY/yu/ysi/8bAk=,PRTi13Sj3N2c7FD5qLr0Eckzib0=
-7,6,2koWta2v6NbXybY/yu/ysi/8bAk=,PRTi13Sj3N2c7FD5qLr0Eckzib0=
-8,6,2koWta2v6NbXybY/yu/ysi/8bAk=,PRTi13Sj3N2c7FD5qLr0Eckzib0=
-2,3,2koWta2v6NbXybY/yu/ysi/8bAk=,PRTi13Sj3N2c7FD5qLr0Eckzib0=
-1,5,2koWta2v6NbXybY/yu/ysi/8bAk=,PRTi13Sj3N2c7FD5qLr0Eckzib0=
-1,3,2koWta2v6NbXybY/yu/ysi/8bAk=,PRTi13Sj3N2c7FD5qLr0Eckzib0=
-8,4,2koWta2v6NbXybY/yu/ysi/8bAk=,PRTi13Sj3N2c7FD5qLr0Eckzib0=
-3,2,2koWta2v6NbXybY/yu/ysi/8bAk=,PRTi13Sj3N2c7FD5qLr0Eckzib0=
-4,2,2koWta2v6NbXybY/yu/ysi/8bAk=,PRTi13Sj3N2c7FD5qLr0Eckzib0=
-2,5,2koWta2v6NbXybY/yu/ysi/8bAk=,PRTi13Sj3N2c7FD5qLr0Eckzib0=
-5,2,2koWta2v6NbXybY/yu/ysi/8bAk=,PRTi13Sj3N2c7FD5qLr0Eckzib0=
-9,8,YAaSHTD2wDUkZ4o2LDliFnZI3OU=,T5quWuGjf+ydhrrg0kFer7Dns6E=
-9,6,YAaSHTD2wDUkZ4o2LDliFnZI3OU=,YxYdth9ME37Kp7vgiMuHjlq9Mck=
-7,2,2koWta2v6NbXybY/yu/ysi/8bAk=,PRTi13Sj3N2c7FD5qLr0Eckzib0=
-7,4,2koWta2v6NbXybY/yu/ysi/8bAk=,PRTi13Sj3N2c7FD5qLr0Eckzib0=
-3,5,2koWta2v6NbXybY/yu/ysi/8bAk=,PRTi13Sj3N2c7FD5qLr0Eckzib0=
-6,2,2koWta2v6NbXybY/yu/ysi/8bAk=,PRTi13Sj3N2c7FD5qLr0Eckzib0=
-8,2,2koWta2v6NbXybY/yu/ysi/8bAk=,PRTi13Sj3N2c7FD5qLr0Eckzib0=
-6,4,2koWta2v6NbXybY/yu/ysi/8bAk=,PRTi13Sj3N2c7FD5qLr0Eckzib0=
-4,5,2koWta2v6NbXybY/yu/ysi/8bAk=,PRTi13Sj3N2c7FD5qLr0Eckzib0=
-1,8,2koWta2v6NbXybY/yu/ysi/8bAk=,P8NY4f2N7NgQ8pGBBVfrlJMWPpU=
-5,4,2koWta2v6NbXybY/yu/ysi/8bAk=,PRTi13Sj3N2c7FD5qLr0Eckzib0=
-9,4,YAaSHTD2wDUkZ4o2LDliFnZI3OU=,YxYdth9ME37Kp7vgiMuHjlq9Mck=
-5,5,2koWta2v6NbXybY/yu/ysi/8bAk=,PRTi13Sj3N2c7FD5qLr0Eckzib0=
-1,1,2koWta2v6NbXybY/yu/ysi/8bAk=,PRTi13Sj3N2c7FD5qLr0Eckzib0=
-3,8,2koWta2v6NbXybY/yu/ysi/8bAk=,P8NY4f2N7NgQ8pGBBVfrlJMWPpU=
-4,8,2koWta2v6NbXybY/yu/ysi/8bAk=,P8NY4f2N7NgQ8pGBBVfrlJMWPpU=
-2,8,2koWta2v6NbXybY/yu/ysi/8bAk=,P8NY4f2N7NgQ8pGBBVfrlJMWPpU=
-4,4,2koWta2v6NbXybY/yu/ysi/8bAk=,PRTi13Sj3N2c7FD5qLr0Eckzib0=
-7,5,2koWta2v6NbXybY/yu/ysi/8bAk=,PRTi13Sj3N2c7FD5qLr0Eckzib0=
-3,4,2koWta2v6NbXybY/yu/ysi/8bAk=,PRTi13Sj3N2c7FD5qLr0Eckzib0=
-6,5,2koWta2v6NbXybY/yu/ysi/8bAk=,PRTi13Sj3N2c7FD5qLr0Eckzib0=
-8,1,2koWta2v6NbXybY/yu/ysi/8bAk=,PRTi13Sj3N2c7FD5qLr0Eckzib0=
-2,1,2koWta2v6NbXybY/yu/ysi/8bAk=,PRTi13Sj3N2c7FD5qLr0Eckzib0=
-2,4,2koWta2v6NbXybY/yu/ysi/8bAk=,PRTi13Sj3N2c7FD5qLr0Eckzib0=
-8,5,2koWta2v6NbXybY/yu/ysi/8bAk=,PRTi13Sj3N2c7FD5qLr0Eckzib0=
-3,1,2koWta2v6NbXybY/yu/ysi/8bAk=,PRTi13Sj3N2c7FD5qLr0Eckzib0=
-1,4,2koWta2v6NbXybY/yu/ysi/8bAk=,PRTi13Sj3N2c7FD5qLr0Eckzib0=
-8,8,2koWta2v6NbXybY/yu/ysi/8bAk=,P8NY4f2N7NgQ8pGBBVfrlJMWPpU=
-4,1,2koWta2v6NbXybY/yu/ysi/8bAk=,PRTi13Sj3N2c7FD5qLr0Eckzib0=
-5,8,2koWta2v6NbXybY/yu/ysi/8bAk=,P8NY4f2N7NgQ8pGBBVfrlJMWPpU=
-6,8,2koWta2v6NbXybY/yu/ysi/8bAk=,P8NY4f2N7NgQ8pGBBVfrlJMWPpU=
-7,8,2koWta2v6NbXybY/yu/ysi/8bAk=,P8NY4f2N7NgQ8pGBBVfrlJMWPpU=
-5,1,2koWta2v6NbXybY/yu/ysi/8bAk=,PRTi13Sj3N2c7FD5qLr0Eckzib0=
-6,1,2koWta2v6NbXybY/yu/ysi/8bAk=,PRTi13Sj3N2c7FD5qLr0Eckzib0=
-7,1,2koWta2v6NbXybY/yu/ysi/8bAk=,PRTi13Sj3N2c7FD5qLr0Eckzib0=
-13,0,YAaSHTD2wDUkZ4o2LDliFnZI3OU=,YxYdth9ME37Kp7vgiMuHjlq9Mck=
-14,0,YAaSHTD2wDUkZ4o2LDliFnZI3OU=,YxYdth9ME37Kp7vgiMuHjlq9Mck=
-12,0,YAaSHTD2wDUkZ4o2LDliFnZI3OU=,YxYdth9ME37Kp7vgiMuHjlq9Mck=
-10,0,YAaSHTD2wDUkZ4o2LDliFnZI3OU=,YxYdth9ME37Kp7vgiMuHjlq9Mck=
-15,0,YAaSHTD2wDUkZ4o2LDliFnZI3OU=,YxYdth9ME37Kp7vgiMuHjlq9Mck=
-11,0,YAaSHTD2wDUkZ4o2LDliFnZI3OU=,YxYdth9ME37Kp7vgiMuHjlq9Mck=
-8,0,2koWta2v6NbXybY/yu/ysi/8bAk=,PRTi13Sj3N2c7FD5qLr0Eckzib0=
-9,0,YAaSHTD2wDUkZ4o2LDliFnZI3OU=,YxYdth9ME37Kp7vgiMuHjlq9Mck=
-2,0,2koWta2v6NbXybY/yu/ysi/8bAk=,PRTi13Sj3N2c7FD5qLr0Eckzib0=
-7,0,2koWta2v6NbXybY/yu/ysi/8bAk=,PRTi13Sj3N2c7FD5qLr0Eckzib0=
-3,0,2koWta2v6NbXybY/yu/ysi/8bAk=,PRTi13Sj3N2c7FD5qLr0Eckzib0=
-4,0,2koWta2v6NbXybY/yu/ysi/8bAk=,PRTi13Sj3N2c7FD5qLr0Eckzib0=
-5,0,2koWta2v6NbXybY/yu/ysi/8bAk=,PRTi13Sj3N2c7FD5qLr0Eckzib0=
-6,0,2koWta2v6NbXybY/yu/ysi/8bAk=,PRTi13Sj3N2c7FD5qLr0Eckzib0=
-16,3,YAaSHTD2wDUkZ4o2LDliFnZI3OU=,YxYdth9ME37Kp7vgiMuHjlq9Mck=
-16,7,YAaSHTD2wDUkZ4o2LDliFnZI3OU=,YxYdth9ME37Kp7vgiMuHjlq9Mck=
-16,1,YAaSHTD2wDUkZ4o2LDliFnZI3OU=,YxYdth9ME37Kp7vgiMuHjlq9Mck=
-16,5,YAaSHTD2wDUkZ4o2LDliFnZI3OU=,YxYdth9ME37Kp7vgiMuHjlq9Mck=
-16,6,YAaSHTD2wDUkZ4o2LDliFnZI3OU=,YxYdth9ME37Kp7vgiMuHjlq9Mck=
-16,4,YAaSHTD2wDUkZ4o2LDliFnZI3OU=,YxYdth9ME37Kp7vgiMuHjlq9Mck=
-16,2,YAaSHTD2wDUkZ4o2LDliFnZI3OU=,YxYdth9ME37Kp7vgiMuHjlq9Mck=
-16,8,YAaSHTD2wDUkZ4o2LDliFnZI3OU=,T5quWuGjf+ydhrrg0kFer7Dns6E=
-16,0,YAaSHTD2wDUkZ4o2LDliFnZI3OU=,YxYdth9ME37Kp7vgiMuHjlq9Mck=
-8,15,2koWta2v6NbXybY/yu/ysi/8bAk=,P8NY4f2N7NgQ8pGBBVfrlJMWPpU=
-9,15,YAaSHTD2wDUkZ4o2LDliFnZI3OU=,T5quWuGjf+ydhrrg0kFer7Dns6E=
-15,15,YAaSHTD2wDUkZ4o2LDliFnZI3OU=,T5quWuGjf+ydhrrg0kFer7Dns6E=
-14,15,YAaSHTD2wDUkZ4o2LDliFnZI3OU=,T5quWuGjf+ydhrrg0kFer7Dns6E=
-13,15,YAaSHTD2wDUkZ4o2LDliFnZI3OU=,T5quWuGjf+ydhrrg0kFer7Dns6E=
-10,15,YAaSHTD2wDUkZ4o2LDliFnZI3OU=,T5quWuGjf+ydhrrg0kFer7Dns6E=
-12,15,YAaSHTD2wDUkZ4o2LDliFnZI3OU=,T5quWuGjf+ydhrrg0kFer7Dns6E=
-11,15,YAaSHTD2wDUkZ4o2LDliFnZI3OU=,T5quWuGjf+ydhrrg0kFer7Dns6E=
-1,15,2koWta2v6NbXybY/yu/ysi/8bAk=,P8NY4f2N7NgQ8pGBBVfrlJMWPpU=
-16,15,YAaSHTD2wDUkZ4o2LDliFnZI3OU=,T5quWuGjf+ydhrrg0kFer7Dns6E=
-1,0,2koWta2v6NbXybY/yu/ysi/8bAk=,PRTi13Sj3N2c7FD5qLr0Eckzib0=
